0.0,0.1,-0.02021276595744681,0.7031914893617022
0.01,0.324468085106383,0.6372340425531915,1.702127659574468
0.02,-0.0031914893617021275,0.09148936170212765,1.047872340425532
0.03,-0.40638297872340423,-0.9446808510638298,-0.5095744680851064
0.04,-0.8308510638297872,-0.5191489361702127,-1.4531914893617022
0.05,-1.1287234042553191,-0.37446808510638296,-1.9425531914893617
0.06,-1.0808510638297872,-0.37340425531914895,-2.2457446808510637
0.07,-0.9893617021276596,-0.32872340425531915,-1.5946808510638297
0.08,-0.7670212765957447,-0.125531914893617,-1.2691489361702128
0.09,-0.6446808510638298,-0.05638297872340425,-1.2074468085106382
0.101,-0.6053191489361702,-0.15531914893617021,-1.2595744680851064
0.111,-0.46808510638297873,-0.19574468085106383,-1.1648936170212767
0.121,-0.3127659574468085,-0.11914893617021277,-0.8
0.131,-0.14468085106382977,-0.005319148936170213,-0.35106382978723405
0.141,-0.06914893617021277,-0.0627659574468085,-0.14468085106382977
0.151,-0.14468085106382977,-0.12978723404255318,-0.3393617021276596
0.161,-0.23404255319148937,-0.16808510638297872,-0.5382978723404256
0.171,-0.30531914893617024,-0.17340425531914894,-0.624468085106383
0.181,-0.3638297872340426,-0.1702127659574468,-0.725531914893617
0.191,-0.39787234042553193,-0.18617021276595744,-0.8489361702127659
0.202,-0.37553191489361704,-0.1776595744680851,-0.8946808510638298
0.212,-0.3574468085106383,-0.17127659574468085,-0.9563829787234043
0.222,-0.37340425531914895,-0.19893617021276597,-1.1553191489361703
0.232,-0.49361702127659574,-0.23404255319148937,-1.4414893617021276
0.242,-0.6180851063829788,-0.2393617021276596,-1.7287234042553192
0.252,-0.6712765957446809,-0.2,-1.8053191489361702
0.262,-0.5989361702127659,-0.1797872340425532,-1.6627659574468086
0.272,-0.5127659574468085,-0.16170212765957448,-1.5819148936170213
0.282,-0.5776595744680851,-0.22021276595744682,-1.7723404255319148
0.292,-0.6734042553191489,-0.23191489361702128,-2.032978723404255
0.303,-0.7723404255319148,-0.30957446808510636,-2.3393617021276594
0.313,-0.8404255319148937,-0.35425531914893615,-2.5372340425531914
0.323,-0.8563829787234043,-0.35,-2.4191489361702128
0.333,-0.7531914893617021,-0.3074468085106383,-2.1659574468085108
0.343,-0.6457446808510638,-0.28829787234042553,-1.8393617021276596
0.353,-0.5872340425531914,-0.2776595744680851,-1.6531914893617021
0.363,-0.5840425531914893,-0.31063829787234043,-1.6329787234042554
0.373,-0.46808510638297873,-0.3595744680851064,-1.6457446808510638
0.383,-0.5234042553191489,-0.37340425531914895,-1.627659574468085
0.393,-0.5617021276595745,-0.35106382978723405,-1.7170212765957447
0.404,-0.5478723404255319,-0.3202127659574468,-1.7659574468085106
0.414,-0.7,-0.34361702127659577,-1.8457446808510638
0.424,-0.8031914893617021,-0.32553191489361705,-2.0106382978723403
0.434,-0.7159574468085106,-0.4297872340425532,-2.1042553191489364
0.444,-0.7148936170212766,-0.4521276595744681,-1.9925531914893617
0.454,-0.5425531914893617,-0.43829787234042555,-1.877659574468085
0.464,-0.6510638297872341,-0.5031914893617021,-1.5946808510638297
0.474,-0.4340425531914894,-0.575531914893617,-1.4042553191489362
0.484,-0.498936170212766,-0.37553191489361704,-1.3180851063829788
0.494,-0.7063829787234043,-0.43829787234042555,-1.275531914893617
0.505,-0.5031914893617021,-0.6670212765957447,-1.298936170212766
0.515,-0.5468085106382978,-0.4308510638297872,-1.3957446808510638
0.525,-0.4308510638297872,-0.47127659574468084,-1.425531914893617
0.535,-0.4106382978723404,-0.48617021276595745,-1.4829787234042553
0.545,-0.33297872340425533,-0.4968085106382979,-1.1329787234042554
0.555,0.0010638297872340426,-0.44680851063829785,-1.1372340425531915
0.565,-0.21382978723404256,-0.5351063829787234,-1.504255319148936
0.575,-0.2702127659574468,-0.6797872340425531,-2.003191489361702
0.585,-0.44042553191489364,-0.4734042553191489,-2.1457446808510636
0.595,-0.5670212765957446,-0.42659574468085104,-2.146808510638298
0.606,-0.6265957446808511,-0.4595744680851064,-2.206382978723404
0.616,-0.6021276595744681,-0.37659574468085105,-2.0776595744680852
0.626,-0.5063829787234042,-0.31170212765957445,-1.702127659574468
0.636,-0.4478723404255319,-0.26382978723404255,-1.4585106382978723
0.646,-0.3723404255319149,-0.35106382978723405,-1.2840425531914894
0.656,-0.2574468085106383,-0.3478723404255319,-1.0436170212765958
0.666,-0.16808510638297872,-0.2797872340425532,-0.7872340425531915
0.676,-0.08723404255319149,-0.3617021276595745,-0.5893617021276596
0.686,-0.043617021276595745,-0.3191489361702128,-0.4765957446808511
0.696,0.029787234042553193,-0.33404255319148934,-0.35
0.707,0.0851063829787234,-0.2670212765957447,-0.2
0.717,0.0925531914893617,-0.2521276595744681,-0.14680851063829786
0.727,0.07340425531914893,-0.29148936170212764,-0.24148936170212765
0.737,0.08085106382978724,-0.2968085106382979,-0.26063829787234044
0.747,0.16170212765957448,-0.28617021276595744,-0.16489361702127658
0.757,0.22872340425531915,-0.2542553191489362,-0.12659574468085105
0.767,0.2170212765957447,-0.2553191489361702,-0.2978723404255319
0.777,0.14468085106382977,-0.26595744680851063,-0.5829787234042553
0.787,0.08723404255319149,-0.2702127659574468,-0.8212765957446808
0.797,0.06382978723404255,-0.26170212765957446,-0.9436170212765957
0.808,0.07021276595744681,-0.26595744680851063,-0.9117021276595745
0.818,0.09148936170212765,-0.22234042553191488,-0.7542553191489362
0.828,0.05319148936170213,-0.20319148936170212,-0.5074468085106383
0.838,-0.019148936170212766,-0.029787234042553193,-0.2968085106382979
0.848,0.011702127659574468,-0.10531914893617021,-0.2904255319148936
0.858,0.08297872340425531,-0.18617021276595744,-0.46595744680851064
0.868,0.08829787234042553,-0.2851063829787234,-0.6861702127659575
0.878,0.16063829787234044,-0.3127659574468085,-0.9425531914893617
0.888,0.19042553191489361,-0.28936170212765955,-1.2819148936170213
0.898,0.06382978723404255,-0.3021276595744681,-1.7159574468085106
0.909,-0.251063829787234,-0.43936170212765957,-1.9819148936170212
0.919,-0.1946808510638298,-0.4297872340425532,-1.1776595744680851
0.929,0.24574468085106382,-0.06808510638297872,-0.6872340425531915
0.939,0.44680851063829785,0.05319148936170213,-0.3202127659574468
0.949,0.551063829787234,-0.19042553191489361,-0.09787234042553192
0.959,0.5276595744680851,-0.4031914893617021,-0.14361702127659576
0.969,0.4319148936170213,-0.42872340425531913,-0.28829787234042553
0.979,0.40638297872340423,-0.3659574468085106,-0.30425531914893617
0.989,0.4319148936170213,-0.30957446808510636,-0.28936170212765955
1.0,0.3829787234042553,-0.35425531914893615,-0.4
1.009,0.32340425531914896,-0.4340425531914894,-0.5053191489361702
1.019,0.274468085106383,-0.44468085106382976,-0.5638297872340425
1.029,0.33617021276595743,-0.498936170212766,-0.45
1.039,0.31063829787234043,-0.3202127659574468,-0.3595744680851064
1.049,0.43617021276595747,-0.35,-0.022340425531914895
1.059,0.7351063829787234,-0.5797872340425532,0.3595744680851064
1.069,0.7095744680851064,-0.4978723404255319,0.2297872340425532
1.079,0.5393617021276595,-0.31382978723404253,-0.1351063829787234
1.089,0.4819148936170213,-0.4574468085106383,-0.3372340425531915
1.099,0.5191489361702127,-0.6531914893617021,-0.3372340425531915
1.108,0.5670212765957446,-0.6053191489361702,-0.2712765957446808
1.118,0.601063829787234,-0.44680851063829785,-0.2276595744680851
1.128,0.5957446808510638,-0.41914893617021276,-0.23085106382978723
1.138,0.5882978723404255,-0.5117021276595745,-0.2712765957446808
1.148,0.5797872340425532,-0.5372340425531915,-0.28829787234042553
1.158,0.6159574468085106,-0.45851063829787236,-0.15531914893617021
1.168,0.6595744680851063,-0.2978723404255319,-0.01276595744680851
1.178,0.676595744680851,-0.2574468085106383,-0.002127659574468085
1.188,0.6329787234042553,-0.35425531914893615,-0.16063829787234044
1.198,0.5436170212765957,-0.4542553191489362,-0.425531914893617
1.207,0.4595744680851064,-0.36914893617021277,-0.6085106382978723
1.217,0.41914893617021276,-0.2978723404255319,-0.6595744680851063
1.227,0.37553191489361704,-0.21170212765957447,-0.7117021276595744
1.237,0.3021276595744681,-0.2074468085106383,-0.7936170212765957
1.247,0.35,-0.3840425531914894,-0.5776595744680851
1.257,0.474468085106383,-0.30957446808510636,-0.3872340425531915
1.267,0.5053191489361702,-0.14468085106382977,-0.27872340425531916
1.277,0.45,-0.10106382978723404,-0.30319148936170215
1.287,0.4031914893617021,-0.22340425531914893,-0.28085106382978725
1.297,0.40638297872340423,-0.24468085106382978,-0.04468085106382979
1.306,0.4542553191489362,-0.1074468085106383,0.04148936170212766
1.316,0.4425531914893617,0.0010638297872340426,0.007446808510638298
1.326,0.3648936170212766,0.011702127659574468,0.8106382978723404
1.336,0.601063829787234,0.33617021276595743,0.7893617021276595
1.346,0.5851063829787234,0.09893617021276596,0.9202127659574468
1.356,0.6840425531914893,-0.08297872340425531,0.6436170212765957
1.366,0.5127659574468085,0.019148936170212766,0.22127659574468084
1.376,0.2648936170212766,0.03404255319148936,-0.25851063829787235
1.386,0.0851063829787234,-0.02872340425531915,-0.3925531914893617
1.396,-0.05638297872340425,-0.13085106382978723,-0.047872340425531915
1.405,0.015957446808510637,-0.018085106382978722,0.15212765957446808
1.415,0.12340425531914893,0.15106382978723404,0.3202127659574468
1.425,0.21914893617021278,0.2127659574468085,0.4351063829787234
1.435,0.2936170212765957,0.09680851063829787,0.3893617021276596
1.445,0.3393617021276596,-0.12872340425531914,0.36914893617021277
1.455,0.33404255319148934,-0.13936170212765958,0.37127659574468086
1.465,0.28829787234042553,0.225531914893617,0.35319148936170214
1.475,0.22127659574468084,0.3404255319148936,0.006382978723404255
1.485,0.05425531914893617,0.0627659574468085,-0.3882978723404255
1.495,0.006382978723404255,-0.1797872340425532,-0.4074468085106383
1.504,0.09574468085106383,-0.12872340425531914,-0.16595744680851063
1.514,0.20106382978723406,0.05425531914893617,0.1148936170212766
1.524,0.2127659574468085,0.11808510638297873,0.1797872340425532
1.534,0.11702127659574468,-0.043617021276595745,0.023404255319148935
1.544,0.01276595744680851,-0.030851063829787233,-0.12659574468085105
1.554,0,0.02021276595744681,-0.08085106382978724
1.564,0.027659574468085105,0.045744680851063826,0.03297872340425532
1.574,-0.0010638297872340426,0.06808510638297872,-0.009574468085106383
1.584,-0.14680851063829786,0.02127659574468085,-0.30319148936170215
1.594,-0.3925531914893617,-0.00425531914893617,-0.6276595744680851
1.603,-0.5404255319148936,-0.10957446808510639,-0.225531914893617
1.613,-0.451063829787234,-0.1851063829787234,0.3127659574468085
1.623,-0.08829787234042553,0.05638297872340425,0.20212765957446807
1.633,-0.006382978723404255,0.05,0.42021276595744683
1.643,-0.07021276595744681,-0.02872340425531915,0.2712765957446808
1.653,-0.23404255319148937,-0.05425531914893617,-0.047872340425531915
1.663,-0.32553191489361705,-0.015957446808510637,-0.20212765957446807
1.673,-0.251063829787234,-0.029787234042553193,0.01276595744680851
1.683,-0.15851063829787235,-0.01702127659574468,0.1723404255319149
1.693,-0.19361702127659575,0.013829787234042552,0.08723404255319149
1.702,-0.3021276595744681,0.010638297872340425,-0.09148936170212765
1.712,-0.3617021276595745,-0.022340425531914895,-0.18085106382978725
1.722,-0.3468085106382979,-0.00851063829787234,-0.1074468085106383
1.732,-0.30319148936170215,0.035106382978723406,0.023404255319148935
1.742,-0.30106382978723406,0.02127659574468085,0.06489361702127659
1.752,-0.35425531914893615,-0.014893617021276596,-0.02021276595744681
1.762,-0.4106382978723404,-0.018085106382978722,-0.1148936170212766
1.772,-0.4148936170212766,-0.018085106382978722,-0.0925531914893617
1.782,-0.3829787234042553,0.00425531914893617,-0.03723404255319149
1.792,-0.3797872340425532,-0.013829787234042552,-0.0010638297872340426
1.801,-0.41914893617021276,-0.04893617021276596,-0.07021276595744681
1.811,-0.46595744680851064,0.015957446808510637,-0.12872340425531914
1.821,-0.4574468085106383,0.01276595744680851,-0.10851063829787234
1.831,-0.43829787234042555,-0.036170212765957444,-0.029787234042553193
1.841,-0.4,-0.029787234042553193,0.045744680851063826
1.851,-0.39680851063829786,0.005319148936170213,0.1074468085106383
1.861,-0.4085106382978723,0.05531914893617021,0.0851063829787234
1.871,-0.4095744680851064,-0.04148936170212766,0.13617021276595745
1.881,-0.4095744680851064,-0.10106382978723404,0.15106382978723404
1.891,-0.41702127659574467,-0.05851063829787234,0.1851063829787234
1.9,-0.4117021276595745,-0.022340425531914895,0.22872340425531915
1.91,-0.4031914893617021,-0.02446808510638298,0.2521276595744681
1.92,-0.3882978723404255,-0.07021276595744681,0.25638297872340426
1.93,-0.4,-0.12872340425531914,0.2372340425531915
1.94,-0.4021276595744681,-0.10319148936170212,0.24468085106382978
1.95,-0.3606382978723404,-0.07553191489361702,0.324468085106383
1.96,-0.324468085106383,-0.09148936170212765,0.35425531914893615
1.97,-0.33191489361702126,-0.14042553191489363,0.2936170212765957
1.98,-0.3659574468085106,-0.17127659574468085,0.22340425531914893
1.99,-0.3882978723404255,-0.16489361702127658,0.2074468085106383
2.0,-0.3861702127659574,-0.13829787234042554,0.21170212765957447
2.01,-0.3393617021276596,-0.16595744680851063,0.2702127659574468
2.02,-0.30106382978723406,-0.225531914893617,0.3191489361702128
2.03,-0.2670212765957447,-0.26170212765957446,0.3021276595744681
2.04,-0.25957446808510637,-0.2670212765957447,0.2723404255319149
2.05,-0.24148936170212765,-0.24893617021276596,0.24574468085106382
2.06,-0.2574468085106383,-0.23617021276595745,0.2521276595744681
2.07,-0.23404255319148937,-0.2553191489361702,0.23404255319148937
2.08,-0.24361702127659574,-0.2765957446808511,0.2074468085106383
2.09,-0.22021276595744682,-0.31382978723404253,0.17659574468085107
2.1,-0.2127659574468085,-0.3904255319148936,0.12872340425531914
2.11,-0.22340425531914893,-0.4319148936170213,0.04468085106382979
2.12,-0.2297872340425532,-0.4627659574468085,0.0010638297872340426
2.13,-0.19361702127659575,-0.46382978723404256,-0.031914893617021274
2.14,-0.1797872340425532,-0.4276595744680851,0.006382978723404255
2.15,-0.1276595744680851,-0.3425531914893617,0.03297872340425532
2.16,-0.10638297872340426,-0.28829787234042553,0.009574468085106383
2.17,-0.1478723404255319,-0.31170212765957445,-0.036170212765957444
2.18,-0.1851063829787234,-0.37340425531914895,-0.08723404255319149
2.19,-0.1702127659574468,-0.37446808510638296,-0.029787234042553193
2.2,-0.07553191489361702,-0.25851063829787235,0.08297872340425531
2.21,0.10531914893617021,-0.11808510638297873,0.24361702127659574
2.22,0.23617021276595745,-0.036170212765957444,0.3840425531914894
2.23,0.26595744680851063,-0.08085106382978724,0.3904255319148936
2.24,0.251063829787234,-0.17340425531914894,0.21914893617021278
2.25,0.23297872340425532,-0.3223404255319149,0.0851063829787234
2.26,0.21914893617021278,-0.39787234042553193,0.0031914893617021275
2.27,0.23404255319148937,-0.34361702127659577,0.01702127659574468
2.28,0.2765957446808511,-0.28404255319148936,0.1148936170212766
2.29,0.3414893617021277,-0.251063829787234,0.22234042553191488
2.3,0.4053191489361702,-0.2404255319148936,0.2957446808510638
2.31,0.4117021276595745,-0.2691489361702128,0.25957446808510637
2.32,0.35425531914893615,-0.3276595744680851,0.13404255319148936
2.33,0.298936170212766,-0.35,0.0031914893617021275
2.34,0.26382978723404255,-0.3372340425531915,-0.0797872340425532
2.35,0.2936170212765957,-0.3851063829787234,-0.06170212765957447
2.36,0.3595744680851064,-0.44574468085106383,-0.031914893617021274
2.37,0.3776595744680851,-0.5180851063829788,-0.03723404255319149
2.38,0.32872340425531915,-0.5095744680851064,-0.15212765957446808
2.39,0.23191489361702128,-0.4542553191489362,-0.20319148936170212
2.4,0.20425531914893616,-0.3659574468085106,-0.2053191489361702
2.41,0.3148936170212766,-0.4,-0.09680851063829787
2.42,0.42872340425531913,-0.5882978723404255,0.014893617021276596
2.43,0.4329787234042553,-0.674468085106383,-0.04893617021276596
2.44,0.34574468085106386,-0.5585106382978723,-0.2702127659574468
2.45,0.2712765957446808,-0.45851063829787236,-0.42340425531914894
2.46,0.2776595744680851,-0.4595744680851064,-0.39893617021276595
2.47,0.3574468085106383,-0.6478723404255319,-0.8872340425531915
2.48,0.15319148936170213,-0.6893617021276596,-1.0372340425531914
2.49,-0.04680851063829787,-0.4031914893617021,-1.6797872340425533
2.5,-0.3074468085106383,-0.32978723404255317,-2.325531914893617
2.51,-0.3351063829787234,-0.6085106382978723,-2.4085106382978725
2.52,-0.1574468085106383,-0.824468085106383,-2.1840425531914893
2.53,-0.10638297872340426,-0.6085106382978723,-1.9489361702127659
2.54,0.23085106382978723,0.548936170212766,-1.5074468085106383
2.55,-0.05106382978723404,0.7404255319148936,-0.524468085106383
2.56,0.24574468085106382,1.7648936170212766,-2.4446808510638296
2.57,0.38085106382978723,0.36914893617021277,-1.5074468085106383
2.58,0.5212765957446809,0.5095744680851064,-0.46063829787234045
2.59,0.42446808510638295,-0.8329787234042553,-0.010638297872340425
2.6,0.46808510638297873,-2.4957446808510637,-0.12872340425531914
2.61,0.5191489361702127,-1.8106382978723403,0.047872340425531915
2.62,0.7404255319148936,0.4127659574468085,0.7606382978723404
2.63,0.9829787234042553,1.351063829787234,1.5404255319148936
2.64,1.0670212765957447,0.8542553191489362,1.7180851063829787
2.65,0.8446808510638298,-0.2148936170212766,1.1393617021276596
2.66,0.5361702127659574,-0.5319148936170213,0.4
2.67,0.3180851063829787,0,0.023404255319148935
2.68,0.28085106382978725,0.3425531914893617,-0.0851063829787234
2.69,0.37659574468085105,0.13191489361702127,0.18085106382978725
2.7,0.5829787234042553,-0.1574468085106383,0.7351063829787234
2.71,0.6372340425531915,-0.05319148936170213,0.9436170212765957
2.72,0.574468085106383,-0.13297872340425532,0.7351063829787234
2.73,0.5478723404255319,-0.02127659574468085,0.7074468085106383
2.74,0.5446808510638298,0.014893617021276596,0.7212765957446808
2.75,0.5829787234042553,-0.28085106382978725,0.7595744680851064
2.76,0.5553191489361702,-0.41595744680851066,0.6840425531914893
2.77,0.4085106382978723,-0.23404255319148937,0.35
2.78,0.24893617021276596,-0.03829787234042553,0.043617021276595745
2.79,0.21808510638297873,0.015957446808510637,-0.21063829787234042
2.8,0.22127659574468084,-0.1702127659574468,-0.16489361702127658
2.81,0.13297872340425532,-0.20957446808510638,-0.32340425531914896
2.82,0.011702127659574468,-0.08723404255319149,-0.6712765957446809
2.83,-0.019148936170212766,-0.005319148936170213,-0.7904255319148936
2.84,0.011702127659574468,-0.11382978723404255,-0.7436170212765958
2.85,0.036170212765957444,-0.1074468085106383,-0.7053191489361702
2.86,0.02021276595744681,-0.05425531914893617,-0.7393617021276596
2.87,0.03723404255319149,-0.039361702127659576,-0.6691489361702128
2.88,0.14893617021276595,-0.1595744680851064,-0.4095744680851064
2.89,0.2372340425531915,-0.2553191489361702,-0.21382978723404256
2.9,0.2404255319148936,-0.15531914893617021,-0.10212765957446808
2.91,0.34893617021276596,-0.13297872340425532,0.0797872340425532
2.92,0.2404255319148936,-0.00425531914893617,-0.14893617021276595
2.93,-0.06063829787234042,-0.08723404255319149,-0.8521276595744681
2.94,0.15425531914893617,-0.5212765957446809,-0.12446808510638298
2.95,0.4095744680851064,-0.3893617021276596,0.08191489361702127
2.96,0.2872340425531915,0.08829787234042553,-0.13404255319148936
2.97,0.125531914893617,0.19787234042553192,-0.45851063829787236
2.98,0.12446808510638298,-0.1351063829787234,-0.4829787234042553
2.99,0.275531914893617,-0.3021276595744681,-0.16063829787234044
3.0,0.2776595744680851,-0.13404255319148936,-0.08297872340425531
3.01,0.23617021276595745,-0.05,-0.18829787234042553
3.02,0.24361702127659574,-0.09042553191489362,-0.11170212765957446
3.03,0.25957446808510637,-0.19680851063829788,-0.13085106382978723
3.04,0.26595744680851063,-0.15425531914893617,-0.08404255319148936
3.05,0.2765957446808511,-0.08829787234042553,-0.07340425531914893
3.06,0.27872340425531916,-0.08723404255319149,-0.015957446808510637
3.07,0.30425531914893617,-0.12978723404255318,0.1074468085106383
3.08,0.30851063829787234,-0.14042553191489363,0.19361702127659575
3.09,0.34893617021276596,-0.14893617021276595,0.35106382978723405
3.1,0.39574468085106385,-0.18617021276595744,0.5308510638297872
3.11,0.4308510638297872,-0.22659574468085106,0.675531914893617
3.12,0.4117021276595745,-0.20957446808510638,0.7063829787234043
3.13,0.3872340425531915,-0.16595744680851063,0.6553191489361702
3.14,0.33191489361702126,-0.1425531914893617,0.5340425531914894
3.15,0.28404255319148936,-0.17659574468085107,0.3553191489361702
3.16,0.19893617021276597,-0.16595744680851063,0.1851063829787234
3.17,0.07765957446808511,-0.11382978723404255,-0.09361702127659574
3.18,0.00425531914893617,-0.07765957446808511,-0.2670212765957447
3.19,-0.01276595744680851,-0.08617021276595745,-0.275531914893617
3.2,-0.005319148936170213,-0.09574468085106383,-0.25851063829787235
3.21,-0.02553191489361702,-0.06170212765957447,-0.28936170212765955
3.22,-0.06489361702127659,-0.06063829787234042,-0.3606382978723404
3.23,-0.059574468085106386,-0.06914893617021277,-0.3021276595744681
3.24,-0.05319148936170213,-0.052127659574468084,-0.2765957446808511
3.25,-0.06595744680851064,-0.0627659574468085,-0.26382978723404255
3.26,-0.07659574468085106,-0.030851063829787233,-0.23617021276595745
3.27,-0.06489361702127659,0.11382978723404255,-0.15425531914893617
3.28,0.01276595744680851,0.03297872340425532,-0.00851063829787234
3.29,0.07446808510638298,-0.07021276595744681,0.13936170212765958
3.3,0.029787234042553193,0.026595744680851064,0.05638297872340425
3.31,-0.05851063829787234,0.15638297872340426,-0.1074468085106383
3.32,-0.1127659574468085,0.13085106382978723,-0.21914893617021278
3.33,-0.10319148936170212,0.04468085106382979,-0.1925531914893617
3.34,-0.09574468085106383,0.06595744680851064,-0.15106382978723404
3.35,-0.10957446808510639,0.10638297872340426,-0.2
3.36,-0.13617021276595745,0.14893617021276595,-0.24361702127659574
3.37,-0.12340425531914893,0.1202127659574468,-0.22021276595744682
3.38,-0.10531914893617021,0.11063829787234042,-0.15638297872340426
3.39,-0.1202127659574468,0.1351063829787234,-0.17446808510638298
3.4,-0.1574468085106383,0.21063829787234042,-0.2372340425531915
3.41,-0.14148936170212767,0.19148936170212766,-0.17127659574468085
3.42,-0.09787234042553192,0.15212765957446808,-0.06702127659574468
3.43,-0.08297872340425531,0.1574468085106383,-0.036170212765957444
3.44,-0.10425531914893617,0.1702127659574468,-0.09042553191489362
3.45,-0.14574468085106382,0.17553191489361702,-0.16702127659574467
3.46,-0.16382978723404254,0.21808510638297873,-0.19787234042553192
3.47,-0.13085106382978723,0.18404255319148935,-0.1797872340425532
3.48,-0.125531914893617,0.04042553191489362,-0.1372340425531915
3.49,-0.1351063829787234,0.20212765957446807,-0.15
3.5,-0.08723404255319149,0.28297872340425534,-0.05638297872340425
3.51,0.08936170212765958,0.15851063829787235,0.324468085106383
3.52,0.1478723404255319,0.15,0.45
3.53,0.08723404255319149,0.26595744680851063,0.3446808510638298
3.54,0.1,0.2723404255319149,0.2851063829787234
3.55,0.15851063829787235,0.23404255319148937,0.3819148936170213
3.56,0.23191489361702128,0.23297872340425532,0.5659574468085107
3.57,0.2765957446808511,0.2691489361702128,0.48404255319148937
3.58,0.28617021276595744,0.2968085106382979,0.42127659574468085
3.59,0.3,0.35638297872340424,0.4808510638297872
3.6,0.425531914893617,0.37127659574468086,0.8489361702127659
3.61,0.3851063829787234,0.2425531914893617,1.1436170212765957
3.62,0.23829787234042554,0.1819148936170213,0.8627659574468085
3.63,0.09148936170212765,0.4053191489361702,0.4627659574468085
3.64,0.01702127659574468,0.42659574468085104,0.32872340425531915
3.65,0.05531914893617021,0.35319148936170214,0.4223404255319149
3.66,0.06170212765957447,0.4031914893617021,0.41595744680851066
3.67,0.02021276595744681,0.46808510638297873,0.35106382978723405
3.68,0.06382978723404255,0.5095744680851064,0.4021276595744681
3.69,0.10638297872340426,0.5308510638297872,0.5585106382978723
3.7,0.17553191489361702,0.4968085106382979,0.7893617021276595
3.71,0.251063829787234,0.49042553191489363,0.9351063829787234
3.72,0.274468085106383,0.4563829787234043,1.0819148936170213
3.73,0.33085106382978724,0.5106382978723404,1.2606382978723405
3.74,0.39680851063829786,0.5861702127659575,1.4393617021276597
3.75,0.4627659574468085,0.6723404255319149,1.5308510638297872
3.76,0.4829787234042553,0.675531914893617,1.5085106382978724
3.77,0.4308510638297872,0.7170212765957447,1.2957446808510638
3.78,0.3148936170212766,0.8053191489361702,1.0361702127659576
3.79,0.23085106382978723,0.8340425531914893,0.8202127659574469
3.8,0.16702127659574467,0.9074468085106383,0.5968085106382979
3.81,0.11170212765957446,0.9340425531914893,0.43617021276595747
3.82,0.05106382978723404,0.9627659574468085,0.2553191489361702
3.83,-0.09787234042553192,1.1085106382978724,-0.07021276595744681
3.84,-0.14680851063829786,1.1138297872340426,-0.2393617021276596
3.85,-0.14680851063829786,1.127659574468085,-0.26276595744680853
3.86,-0.1148936170212766,1.0797872340425532,-0.21914893617021278
3.87,-0.10531914893617021,1.0031914893617022,-0.15319148936170213
3.88,-0.10531914893617021,1.0138297872340425,-0.11382978723404255
3.89,-0.1574468085106383,1.147872340425532,-0.15
3.9,-0.21808510638297873,1.2393617021276595,-0.23617021276595745
3.91,-0.24680851063829787,1.1627659574468086,-0.23085106382978723
3.92,-0.22234042553191488,0.9872340425531915,-0.2478723404255319
3.93,-0.2404255319148936,0.9074468085106383,-0.3829787234042553
3.94,-0.23297872340425532,0.9223404255319149,-0.3606382978723404
3.95,-0.035106382978723406,0.823404255319149,-0.1797872340425532
3.96,-0.12659574468085105,0.902127659574468,-0.14468085106382977
3.97,-0.19148936170212766,1.1776595744680851,-0.2904255319148936
3.98,-0.16489361702127658,1.102127659574468,-0.3372340425531915
3.99,-0.1776595744680851,0.8351063829787234,-0.2851063829787234
4.0,-0.11170212765957446,0.7372340425531915,-0.043617021276595745
4.009,0.006382978723404255,0.9638297872340426,0.14680851063829786
4.019,0.09148936170212765,1.0425531914893618,0.3468085106382979
4.029,0.12340425531914893,0.9436170212765957,0.33617021276595743
4.039,0.09468085106382979,0.8159574468085107,0.22659574468085106
4.049,0.10957446808510639,0.7691489361702127,0.2351063829787234
4.059,0.1595744680851064,0.8074468085106383,0.2925531914893617
4.069,0.20212765957446807,0.798936170212766,0.3393617021276596
4.079,0.24574468085106382,0.723404255319149,0.3723404255319149
4.089,0.26595744680851063,0.6340425531914894,0.42021276595744683
4.099,0.2478723404255319,0.6563829787234042,0.4095744680851064
4.108,0.19893617021276597,0.7074468085106383,0.35851063829787233
4.118,0.19574468085106383,0.674468085106383,0.4117021276595745
4.128,0.23617021276595745,0.5191489361702127,0.34574468085106386
4.138,0.20106382978723406,0.30851063829787234,0.23085106382978723
4.148,0.10425531914893617,0.24680851063829787,0.005319148936170213
4.158,-0.06808510638297872,0.19042553191489361,-0.22872340425531915
4.168,-0.25851063829787235,0.20106382978723406,-0.5542553191489362
4.178,-0.4723404255319149,0.13829787234042554,-0.9351063829787234
4.188,-0.4223404255319149,0.3446808510638298,-1.2117021276595745
4.198,0.052127659574468084,0.7372340425531915,-0.747872340425532
4.207,0.35212765957446807,0.6053191489361702,-0.02127659574468085
4.217,0.49361702127659574,0.4106382978723404,0.2648936170212766
4.227,0.47127659574468084,0.34361702127659577,0.21063829787234042
4.237,0.3468085106382979,0.3446808510638298,-0.10106382978723404
4.247,0.1819148936170213,0.37553191489361704,-0.4723404255319149
4.257,0.07553191489361702,0.34361702127659577,-0.7382978723404255
4.267,0.018085106382978722,0.28297872340425534,-0.8148936170212766
4.277,-0.05531914893617021,0.2702127659574468,-0.8734042553191489
4.287,-0.059574468085106386,0.2521276595744681,-0.7553191489361702
4.297,0.05425531914893617,0.10851063829787234,-0.44468085106382976
4.306,0.13297872340425532,0.036170212765957444,-0.1925531914893617
4.316,0.16170212765957448,0.02127659574468085,-0.2053191489361702
4.326,0.11595744680851064,0.06914893617021277,-0.30531914893617024
4.336,0.05638297872340425,0.06702127659574468,-0.37446808510638296
4.346,-0.031914893617021274,0.0627659574468085,-0.5297872340425532
4.356,-0.02553191489361702,0.043617021276595745,-0.7840425531914894
4.366,-0.0574468085106383,-0.15425531914893617,-0.5297872340425532
4.376,-0.027659574468085105,-0.38085106382978723,-0.37872340425531914
4.386,-0.00425531914893617,-0.2531914893617021,-0.475531914893617
4.396,0.01276595744680851,-0.10531914893617021,-0.5957446808510638
4.405,0.010638297872340425,-0.14468085106382977,-0.6212765957446809
4.415,0.005319148936170213,-0.25851063829787235,-0.7425531914893617
4.425,0.015957446808510637,-0.2904255319148936,-0.7138297872340426
4.435,0.047872340425531915,-0.30425531914893617,-0.7670212765957447
4.445,0.027659574468085105,-0.2851063829787234,-0.7446808510638298
4.455,0.03404255319148936,-0.29148936170212764,-0.7127659574468085
4.465,0.1148936170212766,-0.3478723404255319,-0.4968085106382979
4.475,0.2297872340425532,-0.41914893617021276,-0.2393617021276596
4.485,0.2521276595744681,-0.4053191489361702,-0.19893617021276597
4.495,0.22872340425531915,-0.39361702127659576,-0.23404255319148937
4.504,0.2074468085106383,-0.4563829787234043,-0.2691489361702128
4.514,0.20212765957446807,-0.47127659574468084,-0.2851063829787234
4.524,0.17872340425531916,-0.42021276595744683,-0.34893617021276596
4.534,0.20851063829787234,-0.5074468085106383,-0.30319148936170215
4.544,0.20425531914893616,-0.55,-0.2702127659574468
4.554,0.1595744680851064,-0.4819148936170213,-0.39361702127659576
4.564,0.14893617021276595,-0.44468085106382976,-0.32659574468085106
4.574,0.15,-0.41595744680851066,-0.4021276595744681
4.584,0.1829787234042553,-0.5106382978723404,-0.3414893617021277
4.594,0.19042553191489361,-0.5085106382978724,-0.23191489361702128
4.603,0.1702127659574468,-0.4106382978723404,-0.30851063829787234
4.613,0.16382978723404254,-0.46382978723404256,-0.3797872340425532
4.623,0.16595744680851063,-0.4127659574468085,-0.35106382978723405
4.633,0.1372340425531915,-0.4127659574468085,-0.3893617021276596
4.643,0.1074468085106383,-0.3372340425531915,-0.48617021276595745
4.653,0.14148936170212767,-0.4542553191489362,-0.41382978723404257
4.663,0.13617021276595745,-0.20319148936170212,-0.3776595744680851
4.673,0.2574468085106383,-0.474468085106383,-0.1946808510638298
4.683,0.2276595744680851,-0.33617021276595743,-0.16808510638297872
4.693,0.23191489361702128,-0.3148936170212766,-0.19680851063829788
4.702,0.26595744680851063,-0.28829787234042553,-0.03404255319148936
4.712,0.32553191489361705,-0.37340425531914895,0.04042553191489362
4.722,0.28191489361702127,-0.2393617021276596,0.031914893617021274
4.732,0.31170212765957445,-0.30425531914893617,0.04680851063829787
4.742,0.2723404255319149,-0.21063829787234042,0.035106382978723406
4.752,0.3127659574468085,-0.3127659574468085,0.07127659574468086
4.762,0.3021276595744681,-0.26063829787234044,0.1574468085106383
4.772,0.32127659574468087,-0.23829787234042554,0.10957446808510639
4.782,0.28829787234042553,-0.2372340425531915,0.06170212765957447
4.792,0.1851063829787234,-0.09148936170212765,-0.09042553191489362
4.801,0.22340425531914893,-0.08404255319148936,0.02446808510638298
4.811,0.32872340425531915,-0.26382978723404255,0.3872340425531915
4.821,0.3595744680851064,-0.26382978723404255,0.47127659574468084
4.831,0.275531914893617,-0.1148936170212766,0.2765957446808511
4.841,0.2074468085106383,-0.08617021276595745,0.15531914893617021
4.851,0.23829787234042554,-0.16914893617021276,0.22340425531914893
4.861,0.22659574468085106,-0.21382978723404256,0.20638297872340425
4.871,0.13829787234042554,-0.07340425531914893,-0.03404255319148936
4.881,0.06808510638297872,-0.04148936170212766,-0.22446808510638297
4.891,0.05425531914893617,-0.04893617021276596,-0.23191489361702128
4.9,0.05851063829787234,-0.03829787234042553,-0.28936170212765955
4.91,0.005319148936170213,0.029787234042553193,-0.3776595744680851
4.92,-0.00851063829787234,0.013829787234042552,-0.39361702127659576
4.93,0.01276595744680851,0.00851063829787234,-0.2851063829787234
4.94,0.07021276595744681,0.023404255319148935,-0.19680851063829788
4.95,0.07659574468085106,0.02553191489361702,-0.11595744680851064
4.96,0.0627659574468085,0.04680851063829787,-0.11063829787234042
4.97,0.06489361702127659,0.03723404255319149,-0.06914893617021277
4.98,0.06914893617021277,0.06382978723404255,0.019148936170212766
4.99,0.11063829787234042,0.04148936170212766,0.11382978723404255
5.0,0.16595744680851063,0.08617021276595745,0.2404255319148936
5.01,0.22446808510638297,0.20425531914893616,0.3372340425531915
5.02,0.3202127659574468,0.46063829787234045,0.32659574468085106
5.03,0.3276595744680851,0.6457446808510638,0.43829787234042555
5.04,0.36914893617021277,0.5882978723404255,0.4776595744680851
5.05,0.4074468085106383,0.33404255319148934,0.5851063829787234
5.06,0.4627659574468085,0.19361702127659575,0.7
5.07,0.47127659574468084,0.2734042553191489,0.851063829787234
5.08,0.41808510638297874,0.24574468085106382,0.9670212765957447
5.09,0.3595744680851064,0.22234042553191488,0.9989361702127659
5.1,0.2925531914893617,0.20106382978723406,0.9723404255319149
5.11,0.2851063829787234,0.14148936170212767,0.9946808510638298
5.12,0.3021276595744681,0.14042553191489363,1.0414893617021277
5.13,0.30425531914893617,0.16808510638297872,1.0425531914893618
5.14,0.37553191489361704,0.25957446808510637,1.0968085106382979
5.15,0.4106382978723404,0.3180851063829787,1.1351063829787233
5.16,0.39787234042553193,0.3414893617021277,1.0053191489361701
5.17,0.28617021276595744,0.225531914893617,0.7063829787234043
5.18,0.15638297872340426,0.2521276595744681,0.3680851063829787
5.19,0.07659574468085106,0.4,0.12872340425531914
5.2,0.015957446808510637,0.42659574468085104,-0.035106382978723406
5.21,-0.05425531914893617,0.3074468085106383,-0.22659574468085106
5.22,-0.12127659574468085,0.3702127659574468,-0.4148936170212766
5.23,-0.18404255319148935,0.41595744680851066,-0.5819148936170213
5.24,-0.2297872340425532,0.4478723404255319,-0.7148936170212766
5.25,-0.2734042553191489,0.45851063829787236,-0.7957446808510639
5.26,-0.30851063829787234,0.41702127659574467,-0.8542553191489362
5.27,-0.38085106382978723,0.4276595744680851,-0.951063829787234
5.28,-0.4627659574468085,0.4,-1.0553191489361702
5.29,-0.5117021276595745,0.37127659574468086,-1.1117021276595744
5.3,-0.575531914893617,0.3478723404255319,-1.077659574468085
5.31,-0.6202127659574468,0.2712765957446808,-1.1361702127659574
5.32,-0.4968085106382979,0.2127659574468085,-1.0085106382978724
5.33,-0.2404255319148936,0.2925531914893617,-0.42446808510638295
5.34,-0.07446808510638298,0.32340425531914896,0.02446808510638298
5.35,-0.01702127659574468,0.2936170212765957,0.18829787234042553
5.36,0.035106382978723406,0.33404255319148934,0.3553191489361702
5.37,0.11382978723404255,0.274468085106383,0.5159574468085106
5.38,0.10106382978723404,0.2765957446808511,0.4521276595744681
5.39,0.03723404255319149,0.32659574468085106,0.2531914893617021
5.4,-0.04042553191489362,0.3,-0.02872340425531915
5.41,-0.1595744680851064,0.2053191489361702,-0.26063829787234044
5.42,-0.19893617021276597,0.15638297872340426,-0.4553191489361702
5.43,-0.26595744680851063,0.23617021276595745,-0.5382978723404256
5.44,-0.3074468085106383,0.32978723404255317,-0.5648936170212766
5.45,-0.2734042553191489,0.2542553191489362,-0.3617021276595745
5.46,-0.02127659574468085,0.08085106382978724,0.24680851063829787
5.47,0.125531914893617,0.029787234042553193,0.5308510638297872
5.48,-0.06489361702127659,0.23191489361702128,0.14042553191489363
5.49,-0.25,0.2393617021276596,-0.23829787234042554
5.5,-0.23191489361702128,0.09361702127659574,-0.20851063829787234
5.51,-0.1595744680851064,-0.04148936170212766,-0.039361702127659576
5.52,-0.19148936170212766,0.014893617021276596,-0.11595744680851064
5.53,-0.298936170212766,0.14468085106382977,-0.3478723404255319
5.54,-0.3680851063829787,0.11063829787234042,-0.4627659574468085
5.55,-0.3776595744680851,0.035106382978723406,-0.39680851063829786
5.56,-0.32127659574468087,0.06382978723404255,-0.2723404255319149
5.57,-0.25851063829787235,0.08191489361702127,-0.10106382978723404
5.58,-0.19680851063829788,0.027659574468085105,0.08936170212765958
5.59,-0.18404255319148935,0.018085106382978722,0.08617021276595745
5.6,-0.18085106382978725,0.026595744680851064,0.19680851063829788
5.61,-0.14042553191489363,0.01276595744680851,0.28085106382978725
5.62,-0.15,0.00851063829787234,0.2946808510638298
5.63,-0.20851063829787234,0.0010638297872340426,0.18829787234042553
5.64,-0.2712765957446808,-0.026595744680851064,0.05638297872340425
5.65,-0.31170212765957445,-0.06170212765957447,0
5.66,-0.3372340425531915,-0.08297872340425531,-0.018085106382978722
5.67,-0.31382978723404253,-0.07127659574468086,0.09042553191489362
5.68,-0.24148936170212765,-0.03297872340425532,0.23297872340425532
5.69,-0.19361702127659575,0.0010638297872340426,0.37872340425531914
5.7,-0.14361702127659576,-0.00425531914893617,0.5063829787234042
5.71,-0.19361702127659575,-0.07021276595744681,0.475531914893617
5.72,-0.2680851063829787,-0.04148936170212766,0.3393617021276596
5.73,-0.2723404255319149,-0.03297872340425532,0.33617021276595743
5.74,-0.24148936170212765,-0.0851063829787234,0.3829787234042553
5.75,-0.2170212765957447,-0.10638297872340426,0.5074468085106383
5.76,-0.26276595744680853,-0.10531914893617021,0.3553191489361702
5.77,-0.3478723404255319,-0.11063829787234042,0.44042553191489364
5.78,-0.3776595744680851,-0.014893617021276596,0.5074468085106383
5.79,-0.2723404255319149,0.018085106382978722,0.7170212765957447
5.8,-0.16595744680851063,-0.13191489361702127,1.0191489361702128
5.81,-0.13191489361702127,-0.2297872340425532,1.0936170212765957
5.82,-0.15106382978723404,-0.1819148936170213,1.0851063829787233
5.83,-0.12978723404255318,-0.11382978723404255,1.101063829787234
5.84,-0.12659574468085105,-0.0851063829787234,1.0840425531914895
5.85,-0.15319148936170213,-0.0851063829787234,1.0223404255319148
5.86,-0.18404255319148935,-0.12340425531914893,0.9297872340425531
5.87,-0.2404255319148936,-0.11808510638297873,0.8457446808510638
5.88,-0.2393617021276596,-0.047872340425531915,0.8276595744680851
5.89,-0.23085106382978723,-0.04042553191489362,0.9053191489361702
5.9,-0.24893617021276596,0.006382978723404255,0.8159574468085107
5.91,-0.20957446808510638,0.030851063829787233,0.823404255319149
5.92,-0.14361702127659576,-0.030851063829787233,0.8978723404255319
5.93,-0.16808510638297872,-0.02021276595744681,0.7691489361702127
5.94,-0.2978723404255319,0.05,0.4574468085106383
5.95,-0.4021276595744681,0.022340425531914895,0.18723404255319148
5.96,-0.4542553191489362,0.0425531914893617,0.06595744680851064
5.97,-0.4542553191489362,0.052127659574468084,0.05425531914893617
5.98,-0.41595744680851066,0.01702127659574468,0.10106382978723404
5.99,-0.41808510638297874,0.019148936170212766,0.08723404255319149
6.0,-0.4351063829787234,0.09468085106382979,0.02446808510638298
6.01,-0.425531914893617,0.09148936170212765,0
6.02,-0.39574468085106385,-0.014893617021276596,-0.11702127659574468
6.03,-0.46170212765957447,0.018085106382978722,-0.13617021276595745
6.04,-0.44148936170212766,-0.0627659574468085,-0.2946808510638298
6.05,-0.4776595744680851,-0.30319148936170215,-0.4829787234042553
6.06,-0.4127659574468085,-0.5202127659574468,-0.5521276595744681
6.07,-0.3276595744680851,-0.5351063829787234,-0.5117021276595745
6.08,-0.39148936170212767,-0.3382978723404255,-0.4829787234042553
6.09,-0.45851063829787236,-0.1723404255319149,-0.3468085106382979
6.1,-0.43617021276595747,-0.16914893617021276,-0.225531914893617
6.11,-0.42021276595744683,-0.2574468085106383,-0.23617021276595745
6.12,-0.4297872340425532,-0.3659574468085106,-0.37340425531914895
6.13,-0.3648936170212766,-0.4021276595744681,-0.6180851063829788
6.14,-0.2393617021276596,-0.2702127659574468,-0.6712765957446809
6.15,-0.16914893617021276,-0.13191489361702127,-0.4542553191489362
6.16,-0.08936170212765958,-0.1851063829787234,-0.18085106382978725
6.17,-0.027659574468085105,-0.29148936170212764,-0.02021276595744681
6.18,0.04042553191489362,-0.33617021276595743,0.0627659574468085
6.19,0.1478723404255319,-0.1776595744680851,0.13297872340425532
6.2,0.23297872340425532,-0.14361702127659576,0.16382978723404254
6.21,0.2170212765957447,-0.28191489361702127,0.1723404255319149
6.22,0.16170212765957448,-0.4095744680851064,0.05
6.23,0.14574468085106382,-0.4297872340425532,-0.09893617021276596
6.24,0.1925531914893617,-0.3776595744680851,-0.07340425531914893
6.25,0.13085106382978723,-0.48829787234042554,-0.5691489361702128
6.26,0.04042553191489362,-0.6127659574468085,-0.6191489361702127
6.27,0.04680851063829787,-0.6223404255319149,-0.7468085106382979
6.28,0.08936170212765958,-0.6148936170212767,-0.7202127659574468
6.29,0.13404255319148936,-0.6212765957446809,-0.6372340425531915
6.3,0.21170212765957447,-0.5893617021276596,-0.5436170212765957
6.31,0.28191489361702127,-0.5553191489361702,-0.41914893617021276
6.32,0.32127659574468087,-0.5968085106382979,-0.36914893617021277
6.33,0.2404255319148936,-0.44361702127659575,-0.5638297872340425
6.34,0.23085106382978723,-0.5680851063829787,-0.6021276595744681
6.35,0.28191489361702127,-0.7648936170212766,-0.5436170212765957
6.36,0.2372340425531915,-0.7308510638297873,-0.7223404255319149
6.37,0.19680851063829788,-0.7212765957446808,-0.847872340425532
6.38,0.15319148936170213,-0.6297872340425532,-0.9638297872340426
6.39,0.11914893617021277,-0.7617021276595745,-1.1670212765957446
6.4,0.11170212765957446,-0.8542553191489362,-1.0595744680851065
6.41,0.18085106382978725,-0.8648936170212767,-0.9829787234042553
6.42,0.25957446808510637,-0.9053191489361702,-0.7819148936170213
6.43,0.2702127659574468,-0.8042553191489362,-0.7031914893617022
6.44,0.21063829787234042,-0.85,-0.9287234042553192
6.45,0.20319148936170212,-0.9340425531914893,-0.898936170212766
6.46,0.2478723404255319,-0.9914893617021276,-0.7797872340425532
6.47,0.2127659574468085,-1.004255319148936,-0.8276595744680851
6.48,0.10531914893617021,-0.9521276595744681,-1.028723404255319
6.49,-0.014893617021276596,-0.9138297872340425,-1.2691489361702128
6.5,-0.14361702127659576,-0.8670212765957447,-1.4542553191489362
6.51,0.2521276595744681,-0.34893617021276596,-1.4127659574468086
6.52,0.526595744680851,0.6159574468085106,-0.16914893617021276
6.53,0.0925531914893617,-0.09680851063829787,1.0904255319148937
6.54,0.20106382978723406,-1.7287234042553192,-1.6340425531914893
6.55,-0.28297872340425534,-1.9351063829787234,-1.896808510638298
6.56,0.17872340425531916,-1.196808510638298,-0.5276595744680851
6.57,0.09787234042553192,-0.00851063829787234,-0.9351063829787234
6.58,0.04468085106382979,0.8287234042553191,-0.5106382978723404
6.59,0.4776595744680851,0.4648936170212766,-0.3648936170212766
6.6,0.7031914893617022,-0.7425531914893617,0.029787234042553193
6.61,0.7404255319148936,-1.2797872340425531,0.42446808510638295
6.62,0.7829787234042553,-1.1117021276595744,0.5074468085106383
6.63,0.8521276595744681,-0.4702127659574468,0.9680851063829787
6.64,0.8117021276595745,-0.12978723404255318,1.0223404255319148
6.65,0.5627659574468085,-0.047872340425531915,0.5414893617021277
6.66,0.26063829787234044,-0.07340425531914893,-0.10319148936170212
6.67,0.34361702127659577,-0.3595744680851064,0.1595744680851064
6.68,0.39361702127659576,-0.46063829787234045,0.4
6.69,0.34574468085106386,-0.34574468085106386,0.3404255319148936
6.7,0.18936170212765957,-0.28829787234042553,-0.00851063829787234
6.71,0.036170212765957444,-0.1776595744680851,-0.1148936170212766
6.72,0.0031914893617021275,-0.14148936170212767,-0.3553191489361702
6.73,-0.04680851063829787,-0.10106382978723404,-0.47127659574468084
6.74,0.011702127659574468,-0.17872340425531916,-0.4372340425531915
6.75,0.12872340425531914,-0.35212765957446807,-0.13936170212765958
6.76,0.2691489361702128,-0.5010638297872341,0.1797872340425532
6.77,0.3627659574468085,-0.502127659574468,0.4117021276595745
6.78,0.4319148936170213,-0.3702127659574468,0.6648936170212766
6.79,0.4648936170212766,-0.32872340425531915,0.8723404255319149
6.8,0.4372340425531915,-0.32659574468085106,0.8808510638297873
6.81,0.3425531914893617,-0.28617021276595744,0.7159574468085106
6.82,0.22340425531914893,-0.23085106382978723,0.4127659574468085
6.83,0.10957446808510639,-0.1925531914893617,0.1478723404255319
6.84,0.047872340425531915,-0.19148936170212766,-0.06063829787234042
6.85,0.04042553191489362,-0.14361702127659576,-0.04148936170212766
6.86,0.3202127659574468,0.22021276595744682,0.7627659574468085
6.87,0.42127659574468085,0.4563829787234043,0.5053191489361702
6.88,0.22659574468085106,-0.015957446808510637,0.2531914893617021
6.89,0.11808510638297873,-0.34893617021276596,0.06808510638297872
6.9,0.2127659574468085,-0.5776595744680851,0.40425531914893614
6.91,0.30851063829787234,-0.551063829787234,0.7723404255319148
6.92,0.3202127659574468,-0.07446808510638298,0.8904255319148936
6.93,0.18617021276595744,0.16914893617021276,0.7946808510638298
6.94,0.09680851063829787,0.07872340425531915,0.5840425531914893
6.95,0.05106382978723404,-0.08936170212765958,0.44574468085106383
6.96,0.07765957446808511,-0.09893617021276596,0.5382978723404256
6.97,0.0010638297872340426,0.1425531914893617,0.32978723404255317
6.98,-0.07340425531914893,0.41595744680851066,0.12127659574468085
6.99,-0.1276595744680851,0.5478723404255319,-0.04893617021276596
7.0,-0.08085106382978724,0.28191489361702127,-0.10851063829787234
7.01,-0.018085106382978722,-0.12340425531914893,0.07234042553191489
7.02,0.005319148936170213,-0.26063829787234044,0.30106382978723406
7.03,-0.06063829787234042,-0.045744680851063826,0.3776595744680851
7.04,-0.14361702127659576,0.11808510638297873,0.31063829787234043
7.05,-0.1127659574468085,-0.02127659574468085,0.5989361702127659
7.06,-0.07659574468085106,0.039361702127659576,0.5127659574468085
7.07,-0.18085106382978725,0.21063829787234042,0.2372340425531915
7.08,-0.2276595744680851,0.0925531914893617,0.04468085106382979
7.09,-0.1776595744680851,-0.09787234042553192,0.22659574468085106
7.1,-0.10106382978723404,-0.10319148936170212,0.48829787234042554
7.11,-0.13617021276595745,-0.059574468085106386,0.3776595744680851
7.12,-0.16170212765957448,-0.052127659574468084,0.5138297872340426
7.13,-0.20851063829787234,0.0425531914893617,0.298936170212766
7.14,-0.28617021276595744,0.045744680851063826,0.15
7.15,-0.3425531914893617,0.006382978723404255,0.16808510638297872
7.16,-0.33085106382978724,-0.019148936170212766,0.22446808510638297
7.17,-0.3851063829787234,0.07021276595744681,0.17127659574468085
7.18,-0.37446808510638296,0.043617021276595745,0.19893617021276597
7.19,-0.2968085106382979,0,0.451063829787234
7.2,-0.28617021276595744,-0.052127659574468084,0.5531914893617021
7.21,-0.28191489361702127,-0.06170212765957447,0.597872340425532
7.22,-0.33085106382978724,0.010638297872340425,0.5861702127659575
7.23,-0.3414893617021277,-0.03723404255319149,0.5648936170212766
7.24,-0.3904255319148936,-0.08617021276595745,0.474468085106383
7.25,-0.3893617021276596,-0.17659574468085107,0.46595744680851064
7.26,-0.35638297872340424,-0.24361702127659574,0.6840425531914893
7.27,-0.33191489361702126,-0.1829787234042553,0.7957446808510639
7.28,-0.526595744680851,-0.013829787234042552,0.3829787234042553
7.29,-0.5627659574468085,0.029787234042553193,0.3553191489361702
7.3,-0.4627659574468085,-0.18617021276595744,0.6893617021276596
7.31,-0.3382978723404255,-0.28617021276595744,1.0308510638297872
7.32,-0.35638297872340424,-0.26276595744680853,0.9914893617021276
7.33,-0.48404255319148937,-0.15638297872340426,0.7138297872340426
7.34,-0.5574468085106383,-0.11808510638297873,0.575531914893617
7.35,-0.5553191489361702,-0.16914893617021276,0.5882978723404255
7.36,-0.4829787234042553,-0.2148936170212766,0.8212765957446808
7.37,-0.4521276595744681,-0.2723404255319149,0.9180851063829787
7.38,-0.4925531914893617,-0.23191489361702128,0.7968085106382978
7.39,-0.5414893617021277,-0.16595744680851063,0.7031914893617022
7.4,-0.524468085106383,-0.18617021276595744,0.7287234042553191
7.41,-0.45851063829787236,-0.17446808510638298,0.8702127659574468
7.42,-0.4053191489361702,-0.12659574468085105,0.9819148936170212
7.43,-0.3425531914893617,-0.02446808510638298,1.1
7.44,-0.3074468085106383,0.06063829787234042,1.1893617021276597
7.45,-0.32340425531914896,0.02446808510638298,1.152127659574468
7.46,-0.3819148936170213,-0.015957446808510637,1.0393617021276595
7.47,-0.39893617021276595,-0.006382978723404255,0.9202127659574468
7.48,-0.4521276595744681,-0.02872340425531915,0.8138297872340425
7.49,-0.42446808510638295,0.08617021276595745,0.7053191489361702
7.5,-0.3872340425531915,0.16702127659574467,0.7287234042553191
7.51,-0.33297872340425533,0.14468085106382977,0.8042553191489362
7.52,-0.3127659574468085,0.16702127659574467,0.7457446808510638
7.53,-0.225531914893617,0.22021276595744682,0.8840425531914894
7.54,-0.11808510638297873,0.2404255319148936,1.126595744680851
7.55,-0.04468085106382979,0.2978723404255319,1.2340425531914894
7.56,-0.0574468085106383,0.3468085106382979,1.1787234042553192
7.57,-0.14148936170212767,0.4095744680851064,1.0117021276595746
7.58,-0.22659574468085106,0.3670212765957447,0.8287234042553191
7.59,-0.12340425531914893,0.35212765957446807,0.8148936170212766
7.6,-0.14042553191489363,0.5308510638297872,0.2712765957446808
7.61,-0.39787234042553193,0.7244680851063829,-0.4627659574468085
7.62,-0.46063829787234045,0.674468085106383,-0.6723404255319149
7.63,-0.3351063829787234,0.5372340425531915,-0.2851063829787234
7.64,-0.17446808510638298,0.5010638297872341,0.23404255319148937
7.65,-0.04148936170212766,0.5297872340425532,0.5638297872340425
7.66,0.1,0.5563829787234043,0.8712765957446809
7.67,0.16595744680851063,0.573404255319149,1.1457446808510638
7.68,0.3127659574468085,0.4765957446808511,1.3904255319148937
7.69,0.40106382978723404,0.7159574468085106,0.9808510638297873
7.7,0.14468085106382977,0.9117021276595745,0.32872340425531915
7.71,-0.018085106382978722,0.9446808510638298,-0.2127659574468085
7.72,-0.05638297872340425,0.8074468085106383,-0.22127659574468084
7.73,0.05425531914893617,0.8904255319148936,0.20106382978723406
7.74,0.11595744680851064,0.7957446808510639,0.4702127659574468
7.75,0.13297872340425532,0.8712765957446809,0.5648936170212766
7.76,0.2404255319148936,0.8914893617021277,0.7329787234042553
7.77,0.26595744680851063,0.902127659574468,0.7978723404255319
7.78,0.26170212765957446,0.8127659574468085,0.601063829787234
7.79,0.014893617021276596,0.9882978723404255,0.07765957446808511
7.8,0.09468085106382979,0.9,-0.17127659574468085
7.81,0.1202127659574468,0.7180851063829787,-0.19680851063829788
7.82,0.08085106382978724,0.548936170212766,0.0425531914893617
7.83,0.09148936170212765,0.4819148936170213,0.25851063829787235
7.84,0.11382978723404255,0.7861702127659574,0.3776595744680851
7.85,0.13191489361702127,0.8063829787234043,0.3861702127659574
7.86,0.08085106382978724,0.7648936170212766,0.20957446808510638
7.87,0.030851063829787233,0.7914893617021277,0.039361702127659576
7.88,0.17127659574468085,0.7648936170212766,-0.036170212765957444
7.89,0.07659574468085106,0.6457446808510638,-0.2425531914893617
7.9,-0.05851063829787234,0.4574468085106383,-0.44680851063829785
7.91,-0.15638297872340426,0.3425531914893617,-0.6021276595744681
7.92,-0.298936170212766,0.25,-0.6574468085106383
7.93,-0.33085106382978724,0.17127659574468085,-0.6457446808510638
7.94,-0.26382978723404255,0.2712765957446808,-0.4797872340425532
7.95,-0.09361702127659574,0.4106382978723404,-0.18936170212765957
7.96,0.02446808510638298,0.3893617021276596,0.1797872340425532
7.97,0.05531914893617021,0.19893617021276597,0.3702127659574468
7.98,0.0031914893617021275,0.20212765957446807,0.22872340425531915
7.99,-0.05638297872340425,0.2053191489361702,0.07872340425531915
8.0,-0.047872340425531915,0.09680851063829787,0.11170212765957446
8.009,0,0.07340425531914893,0.2425531914893617
8.019,0.06702127659574468,0.17127659574468085,0.3638297872340426
8.029,0.14574468085106382,0.37127659574468086,0.5851063829787234
8.039,0.2478723404255319,0.5329787234042553,0.8297872340425532
8.049,0.28191489361702127,0.3606382978723404,0.825531914893617
8.059,0.251063829787234,0.01702127659574468,0.6553191489361702
8.069,0.14893617021276595,-0.23404255319148937,0.40106382978723404
8.079,0.16808510638297872,-0.03829787234042553,0.20957446808510638
8.089,0.274468085106383,0.06595744680851064,0.16808510638297872
8.099,0.3819148936170213,0.03723404255319149,0.3
8.108,0.45,-0.005319148936170213,0.4
8.118,0.48723404255319147,-0.023404255319148935,0.4553191489361702
8.128,0.5638297872340425,0.009574468085106383,0.5191489361702127
8.138,0.625531914893617,0.04042553191489362,0.6319148936170212
8.148,0.6861702127659575,0.2297872340425532,0.7840425531914894
8.158,0.7106382978723405,0.16595744680851063,0.9414893617021277
8.168,0.7361702127659574,-0.15,1.0095744680851064
8.178,0.7287234042553191,-0.06808510638297872,0.9031914893617021
8.188,0.7840425531914894,-0.08829787234042553,0.8329787234042553
8.198,0.8212765957446808,-0.07765957446808511,0.7372340425531915
8.207,0.8212765957446808,-0.045744680851063826,0.5297872340425532
8.217,0.8042553191489362,-0.09148936170212765,0.3553191489361702
8.227,0.8074468085106383,-0.0010638297872340426,0.23617021276595745
8.237,0.8212765957446808,-0.029787234042553193,0.16702127659574467
8.247,0.8297872340425532,0.18404255319148935,0.18617021276595744
8.257,0.9361702127659575,-0.4563829787234043,0.1
8.267,0.8829787234042553,0.22234042553191488,0.08404255319148936
8.277,1.0095744680851064,-0.11382978723404255,0.031914893617021274
8.287,0.8702127659574468,-0.009574468085106383,-0.5680851063829787
8.297,0.5106382978723404,0.24361702127659574,-1.5765957446808512
8.306,0.37872340425531914,-0.0627659574468085,-2.0882978723404255
8.316,0.28936170212765955,0.23617021276595745,-2.3904255319148935
8.326,0.1478723404255319,0.15,-2.5936170212765957
8.336,-0.03297872340425532,0.2170212765957447,-2.8127659574468087
8.346,-0.08297872340425531,0.30319148936170215,-2.954255319148936
8.356,-0.019148936170212766,0.23297872340425532,-2.9148936170212765
8.366,-0.01276595744680851,0.25957446808510637,-2.891489361702128
8.376,-0.01276595744680851,0.2127659574468085,-2.896808510638298
8.386,-0.11702127659574468,0.1425531914893617,-2.9372340425531913
8.396,-0.20425531914893616,0.030851063829787233,-2.951063829787234
8.405,-0.2680851063829787,-0.17659574468085107,-2.727659574468085
8.415,-0.2776595744680851,-0.35425531914893615,-2.201063829787234
8.425,-0.21170212765957447,-0.4595744680851064,-1.7159574468085106
8.435,-0.22872340425531915,-0.38085106382978723,-1.6382978723404256
8.445,-0.2702127659574468,-0.3659574468085106,-2.132978723404255
8.455,-0.1702127659574468,0.2776595744680851,-2.632978723404255
8.465,-0.002127659574468085,0.4329787234042553,-2.0627659574468087
8.475,0.18085106382978725,-0.06808510638297872,-1.6606382978723404
8.485,0.22659574468085106,0.03297872340425532,-1.5851063829787233
8.495,0.2393617021276596,0.02872340425531915,-1.4308510638297873
8.504,0.26170212765957446,-0.09574468085106383,-1.3265957446808512
8.514,0.24361702127659574,-0.05425531914893617,-1.3404255319148937
8.524,0.25851063829787235,-0.06595744680851064,-1.2872340425531914
8.534,0.28191489361702127,-0.1776595744680851,-1.2276595744680852
8.544,0.24574468085106382,-0.02872340425531915,-1.2
8.554,0.225531914893617,-0.19361702127659575,-1.5223404255319148
8.564,0.15638297872340426,-0.16170212765957448,-1.4329787234042553
8.574,0.14148936170212767,-0.2425531914893617,-1.4585106382978723
8.584,0.10957446808510639,-0.14042553191489363,-1.6170212765957446
8.594,0.06914893617021277,-0.1797872340425532,-1.626595744680851
8.603,0.15531914893617021,-0.3702127659574468,-1.4085106382978723
8.613,0.19361702127659575,-0.4095744680851064,-1.3702127659574468
8.623,0.28936170212765955,-0.26170212765957446,-1.0425531914893618
8.633,0.4106382978723404,-0.2691489361702128,-0.7223404255319149
8.643,0.4308510638297872,-0.2712765957446808,-0.5180851063829788
8.653,0.4021276595744681,-0.3159574468085106,-0.502127659574468
8.663,0.3638297872340426,-0.2936170212765957,-0.524468085106383
8.673,0.35,-0.31382978723404253,-0.4595744680851064
8.683,0.30638297872340425,-0.39574468085106385,-0.5276595744680851
8.693,0.6180851063829788,0.16702127659574467,0.5010638297872341
8.702,0.4734042553191489,0.46914893617021275,-0.5106382978723404
8.712,0.027659574468085105,-0.5904255319148937,-1.426595744680851
8.722,0.08191489361702127,-0.6595744680851063,-1.347872340425532
8.732,0.3595744680851064,-0.2851063829787234,-0.43936170212765957
8.742,0.7393617021276596,-0.5063829787234042,0.49042553191489363
8.752,0.6404255319148936,-0.3553191489361702,0.30638297872340425
8.762,0.33617021276595743,-0.1776595744680851,-0.23404255319148937
8.772,0.26170212765957446,-0.35638297872340424,-0.22021276595744682
8.782,0.32659574468085106,-0.4148936170212766,0.05638297872340425
8.792,0.3021276595744681,-0.1797872340425532,-0.06595744680851064
8.801,0.15425531914893617,-0.09148936170212765,-0.4021276595744681
8.811,0.0627659574468085,-0.14468085106382977,-0.6393617021276595
8.821,0.013829787234042552,-0.14574468085106382,-0.7702127659574468
8.831,0.013829787234042552,-0.10957446808510639,-0.7670212765957447
8.841,0.04680851063829787,-0.16063829787234044,-0.6968085106382979
8.851,0.16595744680851063,-0.225531914893617,-0.4053191489361702
8.861,0.31170212765957445,-0.2797872340425532,-0.04148936170212766
8.871,0.45,-0.24574468085106382,0.35212765957446807
8.881,0.425531914893617,-0.16382978723404254,0.2765957446808511
8.891,0.3840425531914894,-0.07446808510638298,0.19361702127659575
8.9,0.3904255319148936,-0.1276595744680851,0.2957446808510638
8.91,0.4127659574468085,-0.24574468085106382,0.32978723404255317
8.92,0.3861702127659574,-0.28085106382978725,0.25
8.93,0.2968085106382979,-0.24468085106382978,0.11382978723404255
8.94,0.274468085106383,-0.18404255319148935,0.24893617021276596
8.95,0.39680851063829786,-0.09468085106382979,0.4351063829787234
8.96,0.4978723404255319,-0.036170212765957444,0.674468085106383
8.97,0.5351063829787234,-0.04893617021276596,0.7574468085106383
8.98,0.524468085106383,-0.06170212765957447,0.6893617021276596
8.99,0.4829787234042553,-0.06595744680851064,0.6042553191489362
9.0,0.451063829787234,-0.0797872340425532,0.5680851063829787
9.01,0.44042553191489364,-0.06170212765957447,0.6180851063829788
9.02,0.46595744680851064,-0.01276595744680851,0.6574468085106383
9.03,0.46382978723404256,-0.0010638297872340426,0.6851063829787234
9.04,0.4776595744680851,-0.04680851063829787,0.7117021276595744
9.05,0.4223404255319149,-0.0627659574468085,0.8946808510638298
9.06,0.4297872340425532,0.02553191489361702,0.4319148936170213
9.07,0.3606382978723404,-0.08617021276595745,0.5882978723404255
9.08,0.4297872340425532,-0.1829787234042553,0.6414893617021277
9.09,0.4297872340425532,-0.14361702127659576,0.6659574468085107
9.1,0.3648936170212766,0.02127659574468085,0.5595744680851064
9.11,0.3170212765957447,0.07021276595744681,0.5202127659574468
9.12,0.32127659574468087,-0.015957446808510637,0.4085106382978723
9.13,0.31170212765957445,-0.15531914893617021,0.46170212765957447
9.14,0.3021276595744681,-0.16063829787234044,0.4
9.15,0.26382978723404255,-0.08085106382978724,0.37340425531914895
9.16,0.2648936170212766,-0.07446808510638298,0.42127659574468085
9.17,0.3127659574468085,-0.1127659574468085,0.5680851063829787
9.18,0.3648936170212766,-0.1202127659574468,0.7265957446808511
9.19,0.3574468085106383,-0.08404255319148936,0.7340425531914894
9.2,0.3074468085106383,-0.07340425531914893,0.6861702127659575
9.21,0.28936170212765955,-0.12446808510638298,0.6574468085106383
9.22,0.2734042553191489,-0.19361702127659575,0.601063829787234
9.23,0.21595744680851064,-0.23085106382978723,0.5042553191489362
9.24,0.13617021276595745,-0.21808510638297873,0.3946808510638298
9.25,0.06382978723404255,-0.17340425531914894,0.3819148936170213
9.26,0.08404255319148936,-0.11808510638297873,0.3393617021276596
9.27,0.11063829787234042,-0.1425531914893617,0.3372340425531915
9.28,0.09574468085106383,-0.1797872340425532,0.2712765957446808
9.29,0.029787234042553193,-0.18617021276595744,0.1574468085106383
9.3,-0.05106382978723404,-0.16914893617021276,-0.0031914893617021275
9.31,-0.10638297872340426,-0.14468085106382977,-0.0797872340425532
9.32,-0.1276595744680851,-0.15319148936170213,-0.09361702127659574
9.33,-0.15319148936170213,-0.16276595744680852,-0.10425531914893617
9.34,-0.1723404255319149,-0.17340425531914894,-0.10106382978723404
9.35,-0.17872340425531916,-0.1851063829787234,-0.0797872340425532
9.36,-0.1702127659574468,-0.20106382978723406,-0.030851063829787233
9.37,-0.1851063829787234,-0.20425531914893616,-0.00851063829787234
9.38,-0.18404255319148935,-0.19148936170212766,0.0031914893617021275
9.39,-0.18617021276595744,-0.19574468085106383,0.036170212765957444
9.4,-0.16276595744680852,-0.2393617021276596,0.11702127659574468
9.41,-0.13297872340425532,-0.2702127659574468,0.2127659574468085
9.42,-0.13404255319148936,-0.2574468085106383,0.24468085106382978
9.43,-0.15531914893617021,-0.2702127659574468,0.22659574468085106
9.44,-0.17446808510638298,-0.251063829787234,0.21808510638297873
9.45,-0.19893617021276597,-0.25,0.1829787234042553
9.46,-0.21914893617021278,-0.2425531914893617,0.1574468085106383
9.47,-0.24893617021276596,-0.23617021276595745,0.1074468085106383
9.48,-0.30106382978723406,-0.2276595744680851,0.027659574468085105
9.49,-0.35319148936170214,-0.18936170212765957,-0.05638297872340425
9.5,-0.38085106382978723,-0.18723404255319148,-0.11702127659574468
9.51,-0.39361702127659576,-0.19893617021276597,-0.09042553191489362
9.52,-0.3702127659574468,-0.20425531914893616,-0.00425531914893617
9.53,-0.2904255319148936,-0.3670212765957447,0.2712765957446808
9.54,-0.3595744680851064,-0.2276595744680851,0.13191489361702127
9.55,-0.5542553191489362,0.24361702127659574,-0.6638297872340425
9.56,-0.37872340425531914,-0.16914893617021276,0.30957446808510636
9.57,-0.02021276595744681,-0.674468085106383,1.1117021276595744
9.58,-0.1797872340425532,-0.15,0.7031914893617022
9.59,-0.37553191489361704,0.35638297872340424,0.13829787234042554
9.6,-0.3127659574468085,0.41382978723404257,0.26063829787234044
9.61,-0.08617021276595745,0.11914893617021277,0.6531914893617021
9.62,0.1276595744680851,-0.23404255319148937,1.0382978723404255
9.63,0.19574468085106383,-0.12340425531914893,1.1914893617021276
9.64,-0.010638297872340425,0.07021276595744681,0.6627659574468086
9.65,-0.11595744680851064,0.20638297872340425,0.42659574468085104
9.66,-0.10425531914893617,0.12446808510638298,0.3925531914893617
9.67,-0.08936170212765958,0.13191489361702127,0.5106382978723404
9.68,-0.10638297872340426,0.05531914893617021,0.5180851063829788
9.69,-0.16170212765957448,0.13191489361702127,0.4053191489361702
9.7,-0.24680851063829787,0.17553191489361702,0.23829787234042554
9.71,-0.30851063829787234,0.15106382978723404,0.09148936170212765
9.72,-0.34361702127659577,0.19148936170212766,0.052127659574468084
9.73,-0.3393617021276596,0.13404255319148936,0.06808510638297872
9.74,-0.31170212765957445,0.14468085106382977,0.1202127659574468
9.75,-0.2680851063829787,0.18723404255319148,0.30851063829787234
9.76,-0.1776595744680851,0.06063829787234042,0.5
9.77,-0.16276595744680852,0.1202127659574468,0.5648936170212766
9.78,-0.19042553191489361,0.16595744680851063,0.4297872340425532
9.79,-0.21914893617021278,0.15851063829787235,0.3819148936170213
9.8,-0.23404255319148937,0.15425531914893617,0.3595744680851064
9.81,-0.17340425531914894,0.11702127659574468,0.5691489361702128
9.82,-0.14574468085106382,0.06489361702127659,0.6404255319148936
9.83,-0.17127659574468085,0.13829787234042554,0.5819148936170213
9.84,-0.2074468085106383,0.1425531914893617,0.5223404255319148
9.85,-0.17659574468085107,0.14361702127659576,0.6127659574468085
9.86,-0.15212765957446808,0.08297872340425531,0.6925531914893617
9.87,-0.17659574468085107,0.1276595744680851,0.6329787234042553
9.88,-0.21595744680851064,0.1723404255319149,0.6351063829787233
9.89,-0.1574468085106383,0.11170212765957446,0.7159574468085106
9.9,-0.1595744680851064,0.06702127659574468,0.6872340425531915
9.91,-0.1797872340425532,0.17127659574468085,0.6978723404255319
9.92,-0.1925531914893617,0.23191489361702128,0.6106382978723405
9.93,-0.21170212765957447,0.17553191489361702,0.6361702127659574
9.94,-0.20851063829787234,0.20212765957446807,0.597872340425532
9.95,-0.23617021276595745,0.22872340425531915,0.551063829787234
9.96,-0.2521276595744681,0.2978723404255319,0.5361702127659574
9.97,-0.2851063829787234,0.3382978723404255,0.4021276595744681
9.98,-0.2946808510638298,0.30851063829787234,0.4308510638297872
9.99,-0.26276595744680853,0.2542553191489362,0.5617021276595745
10.0,-0.2712765957446808,0.26063829787234044,0.5946808510638298
10.01,-0.28297872340425534,0.30851063829787234,0.5212765957446809
10.02,-0.2978723404255319,0.3382978723404255,0.502127659574468
10.03,-0.30531914893617024,0.3797872340425532,0.48617021276595745
10.04,-0.33191489361702126,0.4372340425531915,0.42659574468085104
10.05,-0.36914893617021277,0.37659574468085105,0.36914893617021277
10.06,-0.37553191489361704,0.4308510638297872,0.35212765957446807
10.07,-0.37553191489361704,0.4627659574468085,0.35851063829787233
10.08,-0.37659574468085105,0.5031914893617021,0.36914893617021277
10.09,-0.3840425531914894,0.5542553191489362,0.34361702127659577
10.1,-0.39148936170212767,0.5308510638297872,0.3627659574468085
10.11,-0.35851063829787233,0.5659574468085107,0.44680851063829785
10.12,-0.3191489361702128,0.5797872340425532,0.5553191489361702
10.13,-0.2734042553191489,0.6595744680851063,0.6734042553191489
10.14,-0.2723404255319149,0.6563829787234042,0.6680851063829787
10.15,-0.28297872340425534,0.7,0.6925531914893617
10.16,-0.24574468085106382,0.676595744680851,0.8861702127659574
10.17,-0.1723404255319149,0.6627659574468086,1.1585106382978723
10.18,-0.12978723404255318,0.6914893617021277,1.324468085106383
10.19,-0.10106382978723404,0.7,1.4808510638297872
10.2,0.026595744680851064,0.65,2.124468085106383
10.21,0.16808510638297872,0.5191489361702127,2.4117021276595745
10.22,0.125531914893617,0.924468085106383,1.8914893617021276
10.23,-0.06489361702127659,1.0957446808510638,1.4585106382978723
10.24,-0.0851063829787234,0.7893617021276595,1.6095744680851063
10.25,-0.02127659574468085,0.8212765957446808,1.8808510638297873
10.26,-0.06170212765957447,0.8904255319148936,1.7468085106382978
10.27,-0.05425531914893617,0.9436170212765957,1.7202127659574469
10.28,0.0010638297872340426,0.9212765957446809,1.877659574468085
10.29,0.15,1.0085106382978724,2.015957446808511
10.3,0.1595744680851064,1.0797872340425532,2.227659574468085
10.31,0.26382978723404255,0.9648936170212766,2.192553191489362
10.32,0.3148936170212766,0.8170212765957446,2.204255319148936
10.33,0.3893617021276596,1.047872340425532,2.375531914893617
10.34,0.41702127659574467,1.0553191489361702,2.3414893617021275
10.35,0.41914893617021276,1.2436170212765958,2.1053191489361702
10.36,0.3659574468085106,1.3840425531914893,1.726595744680851
10.37,0.2680851063829787,1.2031914893617022,1.4234042553191488
10.38,0.275531914893617,1.147872340425532,1.4542553191489362
10.39,0.3638297872340426,1.2638297872340425,1.7425531914893617
10.4,0.40425531914893614,1.2117021276595745,1.901063829787234
10.41,0.42872340425531913,1.2425531914893617,2.029787234042553
10.42,0.5117021276595745,1.195744680851064,2.2372340425531916
10.43,0.6021276595744681,1.2414893617021276,2.4191489361702128
10.44,0.6861702127659575,1.2117021276595745,2.592553191489362
10.45,0.747872340425532,1.202127659574468,2.7159574468085106
10.46,0.7787234042553192,1.2095744680851064,2.7191489361702126
10.47,0.776595744680851,1.2702127659574467,2.6446808510638298
10.48,0.7872340425531915,1.297872340425532,2.625531914893617
10.49,0.8212765957446808,1.3010638297872341,2.646808510638298
10.5,0.8085106382978723,1.2946808510638297,2.6159574468085105
10.51,0.8223404255319149,1.2372340425531916,2.641489361702128
10.52,0.8585106382978723,1.226595744680851,2.6946808510638296
10.53,0.874468085106383,1.196808510638298,2.751063829787234
10.54,0.9223404255319149,1.1563829787234043,2.7925531914893615
10.55,0.9404255319148936,1.1127659574468085,2.798936170212766
10.56,0.9521276595744681,1.0648936170212766,2.678723404255319
10.57,0.9542553191489361,1.0659574468085107,2.548936170212766
10.58,0.9617021276595744,0.9723404255319149,2.50531914893617
10.59,0.9659574468085106,0.9053191489361702,2.5127659574468084
10.6,0.9531914893617022,0.8117021276595745,2.5425531914893615
10.61,0.9297872340425531,0.7265957446808511,2.4904255319148936
10.62,0.8829787234042553,0.6659574468085107,2.347872340425532
10.63,0.7319148936170212,0.6595744680851063,1.9872340425531916
10.64,0.6510638297872341,0.7202127659574468,1.5340425531914894
10.65,0.5393617021276595,0.7425531914893617,1.2521276595744681
10.66,0.4553191489361702,0.652127659574468,1.0127659574468084
10.67,0.3574468085106383,0.5468085106382978,0.7542553191489362
10.68,0.2393617021276596,0.624468085106383,0.3861702127659574
10.69,0.0925531914893617,0.6702127659574468,0.052127659574468084
10.7,-0.07446808510638298,0.3202127659574468,-0.24893617021276596
10.71,-0.08617021276595745,0.5563829787234043,-0.13297872340425532
10.72,0.28936170212765955,0.4542553191489362,0.997872340425532
10.73,0.5968085106382979,0.1829787234042553,1.5074468085106383
10.74,0.5776595744680851,0.09042553191489362,1.627659574468085
10.75,0.3851063829787234,0.08404255319148936,1.2148936170212765
10.76,0.13404255319148936,0.019148936170212766,0.5925531914893617
10.77,0.1127659574468085,0.02553191489361702,0.38085106382978723
10.78,0.1797872340425532,-0.00851063829787234,0.41808510638297874
10.79,0.1819148936170213,-0.00851063829787234,0.2797872340425532
10.8,0.19574468085106383,-0.02553191489361702,0.12978723404255318
10.81,0.18829787234042553,-0.07021276595744681,-0.0574468085106383
10.82,0.16489361702127658,-0.12234042553191489,-0.2053191489361702
10.83,0.18936170212765957,-0.12978723404255318,-0.20319148936170212
10.84,0.2148936170212766,-0.2127659574468085,-0.17446808510638298
10.85,0.24148936170212765,-0.25638297872340426,-0.1372340425531915
10.86,0.2851063829787234,-0.23191489361702128,-0.06702127659574468
10.87,0.30106382978723406,-0.2351063829787234,-0.014893617021276596
10.88,0.30957446808510636,-0.22340425531914893,-0.023404255319148935
10.89,0.33617021276595743,-0.26595744680851063,0.04468085106382979
10.9,0.3670212765957447,-0.2553191489361702,0.08191489361702127
10.91,0.3617021276595745,-0.28297872340425534,0.02127659574468085
10.92,0.37553191489361704,-0.2648936170212766,0.052127659574468084
10.93,0.4223404255319149,-0.275531914893617,0.11595744680851064
10.94,0.4563829787234043,-0.3,0.21170212765957447
10.95,0.49042553191489363,-0.3191489361702128,0.3170212765957447
10.96,0.5095744680851064,-0.3382978723404255,0.35106382978723405
10.97,0.5095744680851064,-0.3574468085106383,0.3595744680851064
10.98,0.5287234042553192,-0.3595744680851064,0.40638297872340423
10.99,0.5893617021276596,-0.3946808510638298,0.5276595744680851
11.0,0.5765957446808511,-0.30106382978723406,0.4925531914893617
11.01,0.5680851063829787,-0.33617021276595743,0.43936170212765957
11.02,0.5936170212765958,-0.32553191489361705,0.5351063829787234
11.03,0.6393617021276595,-0.3414893617021277,0.6510638297872341
11.04,0.6553191489361702,-0.32553191489361705,0.7191489361702128
11.05,0.6861702127659575,-0.35638297872340424,0.7393617021276596
11.06,0.6978723404255319,-0.39148936170212767,0.7882978723404256
11.07,0.6819148936170213,-0.33191489361702126,0.7510638297872341
11.08,0.7021276595744681,-0.4223404255319149,0.7627659574468085
11.09,0.7191489361702128,-0.35851063829787233,0.776595744680851
11.1,0.7308510638297873,-0.36914893617021277,0.7361702127659574
11.11,0.7021276595744681,-0.30425531914893617,0.5957446808510638
11.12,0.6648936170212766,-0.35319148936170214,0.37872340425531914
11.13,0.6191489361702127,-0.31170212765957445,0.23297872340425532
11.14,0.5829787234042553,-0.3276595744680851,0.06170212765957447
11.15,0.5180851063829788,-0.3127659574468085,-0.09787234042553192
11.16,0.48829787234042554,-0.27872340425531916,-0.1851063829787234
11.17,0.4521276595744681,-0.25957446808510637,-0.2765957446808511
11.18,0.40106382978723404,-0.225531914893617,-0.4031914893617021
11.19,0.3595744680851064,-0.2148936170212766,-0.46808510638297873
11.2,0.30957446808510636,-0.22234042553191488,-0.4968085106382979
11.21,0.2393617021276596,-0.18936170212765957,-0.5382978723404256
11.22,0.15638297872340426,-0.20957446808510638,-0.5989361702127659
11.23,0.10638297872340426,-0.25957446808510637,-0.6808510638297872
11.24,0.039361702127659576,-0.32340425531914896,-0.7531914893617021
11.25,-0.08085106382978724,-0.3904255319148936,-0.8468085106382979
11.26,-0.1776595744680851,-0.3925531914893617,-0.8638297872340426
11.27,-0.2404255319148936,-0.46063829787234045,-0.9170212765957447
11.28,-0.31382978723404253,-0.474468085106383,-1.0031914893617022
11.29,-0.34574468085106386,-0.6308510638297873,-1.1404255319148937
11.3,-0.42127659574468085,-0.2925531914893617,-1.548936170212766
11.31,-0.32872340425531915,-0.05851063829787234,-1.6872340425531915
11.32,-0.20106382978723406,-0.10531914893617021,-1.4191489361702128
11.33,-0.2872340425531915,0.09042553191489362,-1.5297872340425531
11.34,-0.41914893617021276,-0.013829787234042552,-1.5851063829787233
11.35,-0.3627659574468085,-0.030851063829787233,-1.351063829787234
11.36,-0.14042553191489363,-0.07021276595744681,-0.7627659574468085
11.37,-0.014893617021276596,-0.01702127659574468,-0.3425531914893617
11.38,-0.07340425531914893,0.05531914893617021,-0.3670212765957447
11.39,-0.17446808510638298,-0.015957446808510637,-0.573404255319149
11.4,-0.21808510638297873,0.052127659574468084,-0.6148936170212767
11.41,-0.1946808510638298,0.009574468085106383,-0.48404255319148937
11.42,-0.15,0.02021276595744681,-0.3351063829787234
11.43,-0.14893617021276595,-0.01276595744680851,-0.2531914893617021
11.44,-0.17553191489361702,-0.047872340425531915,-0.2351063829787234
11.45,-0.17659574468085107,-0.059574468085106386,-0.17446808510638298
11.46,-0.1723404255319149,-0.0627659574468085,-0.09893617021276596
11.47,-0.16170212765957448,-0.0851063829787234,-0.04042553191489362
11.48,-0.1595744680851064,-0.08936170212765958,-0.009574468085106383
11.49,-0.18617021276595744,-0.06063829787234042,-0.015957446808510637
11.5,-0.2074468085106383,-0.026595744680851064,-0.011702127659574468
11.51,-0.21063829787234042,-0.030851063829787233,0.00851063829787234
11.52,-0.20957446808510638,-0.023404255319148935,0.04680851063829787
11.53,-0.19680851063829788,-0.015957446808510637,0.12872340425531914
11.54,-0.1819148936170213,-0.014893617021276596,0.18829787234042553
11.55,-0.1595744680851064,-0.011702127659574468,0.2553191489361702
11.56,-0.14680851063829786,-0.0031914893617021275,0.32340425531914896
11.57,-0.12127659574468085,0.052127659574468084,0.42340425531914894
11.58,-0.07659574468085106,0.08085106382978724,0.55
11.59,-0.03404255319148936,0.11063829787234042,0.6425531914893617
11.6,0.02127659574468085,0.09361702127659574,0.7223404255319149
11.61,0.06382978723404255,0.09893617021276596,0.8180851063829787
11.62,0.08829787234042553,0.11063829787234042,0.8787234042553191
11.63,0.09361702127659574,0.12872340425531914,0.8904255319148936
11.64,0.12872340425531914,0.12127659574468085,0.9372340425531915
11.65,0.17340425531914894,0.14468085106382977,1.0446808510638297
11.66,0.19893617021276597,0.14042553191489363,1.097872340425532
11.67,0.19361702127659575,0.14893617021276595,1.0946808510638297
11.68,0.19574468085106383,0.10531914893617021,1.077659574468085
11.69,0.20957446808510638,0.16595744680851063,0.9670212765957447
11.7,0.22446808510638297,0.2765957446808511,0.7893617021276595
11.71,0.13936170212765958,0.2797872340425532,0.625531914893617
11.72,0.02553191489361702,0.14042553191489363,0.5648936170212766
11.73,0.002127659574468085,0.13191489361702127,0.4851063829787234
11.74,0.045744680851063826,0.1574468085106383,0.4723404255319149
11.75,0.06914893617021277,0.11170212765957446,0.48723404255319147
11.76,0.06914893617021277,0.17659574468085107,0.39787234042553193
11.77,0.02553191489361702,0.25,0.22872340425531915
11.78,-0.007446808510638298,0.22340425531914893,0.17553191489361702
11.79,-0.00425531914893617,0.23617021276595745,0.20212765957446807
11.8,0.007446808510638298,0.26170212765957446,0.23191489361702128
11.81,0.04042553191489362,0.2393617021276596,0.30638297872340425
11.82,0.0627659574468085,0.22340425531914893,0.33617021276595743
11.83,0.05,0.2723404255319149,0.25
11.84,0.03404255319148936,0.2925531914893617,0.16595744680851063
11.85,0.036170212765957444,0.3,0.12659574468085105
11.86,0.03723404255319149,0.31063829787234043,0.1
11.87,0.02872340425531915,0.32127659574468087,0.06489361702127659
11.88,0.05319148936170213,0.2957446808510638,0.07234042553191489
11.89,0.10851063829787234,0.3595744680851064,0.19574468085106383
11.9,0.06914893617021277,0.48936170212765956,0.06702127659574468
11.91,-0.014893617021276596,0.4106382978723404,-0.08404255319148936
11.92,0.006382978723404255,0.20957446808510638,-0.0031914893617021275
11.93,0.07553191489361702,0.2,0.1202127659574468
11.94,0.13191489361702127,0.34574468085106386,0.14148936170212767
11.95,0.1127659574468085,0.4372340425531915,0.10638297872340426
11.96,0.047872340425531915,0.39361702127659576,-0.005319148936170213
11.97,0.0010638297872340426,0.3446808510638298,-0.14574468085106382
11.98,-0.01702127659574468,0.38085106382978723,-0.2393617021276596
11.99,-0.030851063829787233,0.425531914893617,-0.2978723404255319
