ID,label,time,acc_x_pk,acc_x_cn,acc_x_pw,acc_y_pk,acc_y_cn,acc_y_pw,acc_z_pk,acc_z_cn,acc_z_pw
0,stairs_up,55.0776253,-0.23796111539728648,0.03350992431030234,0.05350179900306541,-0.7169402027963354,-1.945786102024695,-0.09673103832011687,-0.7169402027963354,1.6169467453783006,-1.4698658428253393
1,stairs_up,55.2795067,-0.7169402027963354,-0.7582084862236964,0.10787859471912195,-0.7169402027963354,-1.5499268967576956,0.034641129132845144,-0.7169402027963354,1.2210875401113008,-1.4732801563886972
2,stairs_up,55.4813919,-0.7169402027963354,0.4293691295773021,0.8138801158486593,-0.23796111539728648,0.8252283348443011,0.9083543771503537,-0.7169402027963354,3.2003835664462983,-1.2308876577392505
3,stairs_up,55.6832771,-0.7169402027963354,0.03350992431030234,0.16153337968896636,-0.23796111539728648,-1.1540676914906962,0.14676263776666865,-0.23796111539728648,0.4293691295773021,-1.311106219600568
4,stairs_up,55.8851585,0.24101797200176253,-0.36234928095669705,0.20996375255190572,-0.23796111539728648,-1.5499268967576956,0.004384701182320107,-0.23796111539728648,0.4293691295773021,-1.4473133615803568
5,stairs_up,56.0870438,-0.23796111539728648,1.2210875401113008,0.7854662831948623,-0.7169402027963354,0.4293691295773021,0.6819632474153414,-0.23796111539728648,0.8252283348443011,-1.2694237975229736
6,stairs_up,56.2889252,-0.23796111539728648,-1.1540676914906962,0.11175323646615305,-0.7169402027963354,-1.1540676914906962,0.08393206035384981,-0.7169402027963354,0.8252283348443011,-1.2658610069383733
7,stairs_up,56.4908066,-0.7169402027963354,0.03350992431030234,0.006810836724722855,-0.7169402027963354,-1.5499268967576956,-0.09150981158598646,-0.7169402027963354,1.2210875401113008,-1.2736709960465
8,stairs_up,56.6926880,-0.7169402027963354,1.2210875401113008,0.8085393524170882,-0.23796111539728648,-0.36234928095669705,0.26721305422223873,-0.7169402027963354,0.8252283348443011,-1.239482198411342
9,stairs_up,56.8945732,0.7199970594008113,-1.1540676914906962,0.7033317188941269,-0.23796111539728648,-0.36234928095669705,0.2390116489469659,-0.23796111539728648,0.4293691295773021,-1.1279414899367441
10,stairs_up,57.0964584,-0.23796111539728648,-0.7582084862236964,0.04265147023331838,0.24101797200176253,-0.36234928095669705,0.0013673873392703682,-0.23796111539728648,0.03350992431030234,-1.3346159123709327
11,stairs_up,57.2983398,-0.23796111539728648,-1.1540676914906962,0.3421258264870542,-0.7169402027963354,-1.5499268967576956,-0.020975039567404066,-0.23796111539728648,-0.36234928095669705,-1.3984360457192444
12,stairs_up,57.5002251,0.7199970594008113,0.03350992431030234,0.7670873563921966,-0.7169402027963354,0.8252283348443011,0.5958438759214014,0.7199970594008113,1.6169467453783006,-0.9024732932776393
13,stairs_up,57.7021065,0.24101797200176253,-0.7582084862236964,0.3984492576288341,-0.7169402027963354,-1.5499268967576956,-0.17715309204571633,0.24101797200176253,1.2210875401113008,-1.252605620017258
14,stairs_up,57.9039879,0.24101797200176253,-1.1540676914906962,0.525521265401387,-0.7169402027963354,-1.5499268967576956,-0.36643907126854913,0.24101797200176253,0.8252283348443011,-1.04157422609337
15,stairs_up,58.1058693,0.7199970594008113,0.4293691295773021,1.176564171325169,-0.7169402027963354,1.2210875401113008,0.4575637610275949,-0.23796111539728648,0.4293691295773021,-1.1068835748754224
16,stairs_up,58.3077545,-0.23796111539728648,-1.5499268967576956,0.404388080745936,-0.23796111539728648,-0.36234928095669705,-0.06254242282637526,-0.23796111539728648,-0.36234928095669705,-1.4347152720190988
17,stairs_up,58.5096397,-0.23796111539728648,-0.7582084862236964,0.1948594127121484,0.24101797200176253,-0.36234928095669705,-0.2017154377401431,-0.23796111539728648,0.4293691295773021,-1.0630396866013472
18,stairs_up,58.7115211,0.7199970594008113,0.03350992431030234,1.1048642312661054,-0.23796111539728648,-0.7582084862236964,-0.08900723731581457,0.7199970594008113,0.8252283348443011,-0.9822642522020625
19,stairs_up,58.9134064,0.7199970594008113,-0.7582084862236964,0.8640706905806822,0.7199970594008113,-0.36234928095669705,0.037662630891849284,-0.7169402027963354,-0.36234928095669705,-1.0572049208039083
20,stairs_up,59.1152840,-0.7169402027963354,-1.5499268967576956,0.08216422699726054,-0.7169402027963354,-1.5499268967576956,-0.3953961232824335,-0.7169402027963354,-0.7582084862236964,-1.284597226661979
21,stairs_up,59.3171692,0.7199970594008113,0.03350992431030234,0.8455155854895703,-0.7169402027963354,-0.7582084862236964,0.02845421965566426,-0.23796111539728648,0.4293691295773021,-1.2249538758063365
22,stairs_up,59.5190506,0.7199970594008113,-1.1540676914906962,0.7366307664831803,0.7199970594008113,-0.7582084862236964,0.2571945783264184,-0.23796111539728648,0.4293691295773021,-0.9211426108290559
23,stairs_up,59.7209358,-0.7169402027963354,0.03350992431030234,0.3716666334959968,-0.23796111539728648,-1.5499268967576956,-0.24568792115694774,0.24101797200176253,0.8252283348443011,-1.1801525916646407
24,stairs_up,59.9228210,0.7199970594008113,0.03350992431030234,0.7824365646425809,-0.7169402027963354,-1.5499268967576956,-0.2920812095650018,0.7199970594008113,0.8252283348443011,-0.9563620358203304
25,stairs_up,60.1247025,0.7199970594008113,-0.36234928095669705,0.9060052358880868,0.7199970594008113,0.03350992431030234,0.2757843787468202,-0.23796111539728648,0.03350992431030234,-1.2061026862814634
26,stairs_up,60.3265839,-0.23796111539728648,-1.1540676914906962,0.3547527402051748,-0.7169402027963354,-1.5499268967576956,-0.178089821983158,-0.23796111539728648,1.2210875401113008,-1.298871604272149
27,stairs_up,60.5284653,-0.23796111539728648,-0.7582084862236964,0.21737359350328778,-0.7169402027963354,-1.1540676914906962,-0.0901813232800268,-0.23796111539728648,1.6169467453783006,-1.251644362051488
28,stairs_up,60.7303505,-0.7169402027963354,0.03350992431030234,0.8638924816048567,0.7199970594008113,0.8252283348443011,0.5075145955782389,-0.7169402027963354,1.6169467453783006,-1.031282059098442
29,stairs_up,60.9322319,-0.7169402027963354,0.03350992431030234,0.4763276741995288,-0.23796111539728648,-1.1540676914906962,-0.021748405211248503,-0.7169402027963354,0.4293691295773021,-1.2774338071926303
30,stairs_up,61.1341171,-0.7169402027963354,0.03350992431030234,0.29821084822310157,-0.23796111539728648,-1.5499268967576956,-0.3537462609156264,0.24101797200176253,0.8252283348443011,-1.2570380330981432
31,stairs_up,61.3360023,-0.7169402027963354,2.4086651559122996,1.334660474284245,0.7199970594008113,0.4293691295773021,0.5694723977899457,-0.23796111539728648,1.2210875401113008,-1.1928482368753286
32,stairs_up,61.5378838,-0.23796111539728648,-1.5499268967576956,0.21737445178469497,-0.7169402027963354,-1.1540676914906962,0.033219138281681354,-0.23796111539728648,0.4293691295773021,-1.3738647858672977
33,stairs_up,61.7397652,-0.23796111539728648,-1.1540676914906962,0.042611490428903505,0.24101797200176253,-1.5499268967576956,-0.25037762378929534,-0.7169402027963354,0.8252283348443011,-1.2574803631667555
34,stairs_up,61.9416466,-0.7169402027963354,0.4293691295773021,0.939919239465881,-0.23796111539728648,-0.36234928095669705,0.18517204197097392,-0.7169402027963354,0.8252283348443011,-1.137916389185754
35,stairs_up,62.1435318,-0.7169402027963354,-0.7582084862236964,0.6837866585526762,-0.23796111539728648,-1.5499268967576956,-0.05180991505602778,0.24101797200176253,0.03350992431030234,-1.1919038867828298
36,stairs_up,62.3454132,0.24101797200176253,0.03350992431030234,0.4903496888470139,-0.23796111539728648,-1.945786102024695,-0.3319322408171511,-0.23796111539728648,0.4293691295773021,-1.1379191504773833
37,stairs_up,62.5472984,-0.23796111539728648,-0.36234928095669705,0.6729533910989989,-0.7169402027963354,-1.5499268967576956,0.04182699993492193,-0.23796111539728648,-0.36234928095669705,-1.3506777559820164
38,stairs_up,62.7491837,-0.23796111539728648,-0.7582084862236964,0.8160086383465438,0.7199970594008113,0.03350992431030234,0.5859793136462492,-0.23796111539728648,0.4293691295773021,-1.0526747406009331
39,stairs_up,62.9510612,0.24101797200176253,0.03350992431030234,0.31974693923061087,-0.7169402027963354,-1.5499268967576956,-0.16590648748461162,0.24101797200176253,1.2210875401113008,-1.1354416538525727
40,stairs_up,63.1529465,0.24101797200176253,-0.36234928095669705,0.7006861996743206,-0.23796111539728648,-1.5499268967576956,-0.23452022890191138,0.7199970594008113,1.2210875401113008,-1.0533141159517139
41,stairs_up,63.3548279,0.7199970594008113,0.8252283348443011,1.3388781803184715,0.7199970594008113,1.2210875401113008,0.7493730180947864,-0.23796111539728648,0.4293691295773021,-1.095080323860976
42,stairs_up,63.5567131,-0.23796111539728648,-1.1540676914906962,0.3840566194288978,-0.23796111539728648,-1.1540676914906962,0.016600622977383416,-0.23796111539728648,-0.36234928095669705,-1.4208883097369347
43,stairs_up,63.7585945,-0.23796111539728648,-1.5499268967576956,0.023245244721129224,0.24101797200176253,-1.5499268967576956,-0.16427499371270424,-0.23796111539728648,0.4293691295773021,-1.349326230974984
44,stairs_up,63.9604797,-0.23796111539728648,0.8252283348443011,0.9080785131658079,0.7199970594008113,0.03350992431030234,0.33676363813450505,-0.23796111539728648,0.4293691295773021,-1.1496072961082189
45,stairs_up,64.1623611,-0.7169402027963354,-0.36234928095669705,0.6243241916873918,-0.7169402027963354,-1.5499268967576956,-0.26418525306423607,-0.7169402027963354,0.8252283348443011,-1.3295369346698185
46,stairs_up,64.3642426,0.24101797200176253,1.2210875401113008,0.25307454402988144,-0.7169402027963354,-1.945786102024695,-0.5194768844369986,0.24101797200176253,1.2210875401113008,-1.2610046475455603
47,stairs_up,64.5661240,-0.7169402027963354,0.8252283348443011,0.9983148296363501,0.7199970594008113,0.03350992431030234,0.08503863980641885,-0.23796111539728648,0.4293691295773021,-1.2346664165549555
48,stairs_up,64.7680130,-0.7169402027963354,-0.7582084862236964,0.5991454619636896,-0.23796111539728648,-1.1540676914906962,-0.16227807712159684,-0.23796111539728648,0.8252283348443011,-1.3104952250032162
49,stairs_up,64.9698944,-0.23796111539728648,0.4293691295773021,0.11070813159625367,-0.23796111539728648,-1.5499268967576956,-0.47355578036112417,-0.23796111539728648,0.4293691295773021,-1.3541261932581752
50,stairs_up,65.1717758,-0.7169402027963354,0.03350992431030234,0.4805172739225458,0.7199970594008113,-1.1540676914906962,-0.2962710033820928,-0.7169402027963354,1.2210875401113008,-1.2977835624490024
51,stairs_up,65.3736649,-0.7169402027963354,0.4293691295773021,0.9499035454575667,0.7199970594008113,1.2210875401113008,0.40116884897243577,-0.7169402027963354,2.4086651559122996,-1.2442088268448563
52,stairs_up,65.5755386,-0.7169402027963354,0.03350992431030234,0.47001480464598777,0.24101797200176253,-1.5499268967576956,-0.4693762010222465,-0.7169402027963354,-0.36234928095669705,-1.3780301608782055
53,stairs_up,65.7774277,-0.7169402027963354,0.03350992431030234,0.5022367472843984,-0.23796111539728648,-1.5499268967576956,-0.4642746365538348,-0.23796111539728648,0.4293691295773021,-1.2935284499277744
54,stairs_up,65.9793091,-0.7169402027963354,0.4293691295773021,0.7745806860446298,0.7199970594008113,0.4293691295773021,0.45329106698379945,-0.23796111539728648,0.8252283348443011,-1.2804740664200578
55,stairs_up,66.1811905,-0.7169402027963354,-1.1540676914906962,0.3408239171611346,0.24101797200176253,-1.1540676914906962,-0.12044250974322866,-0.23796111539728648,0.03350992431030234,-1.2531133421834355
56,stairs_up,66.3830719,-0.7169402027963354,0.03350992431030234,0.44898643270297756,0.24101797200176253,-1.5499268967576956,-0.4198529098635173,-0.23796111539728648,0.8252283348443011,-1.1815165242412156
57,stairs_up,66.5849609,-0.7169402027963354,2.0128059506452995,0.8688483722984373,-0.7169402027963354,-0.7582084862236964,0.09545222730476609,0.7199970594008113,2.4086651559122996,-0.979928452622118
58,stairs_up,66.7868423,-0.7169402027963354,-0.36234928095669705,0.9312961739798828,-0.7169402027963354,-1.1540676914906962,0.09373301773565829,0.7199970594008113,1.6169467453783006,-1.0083140286722554
59,stairs_up,66.9887238,-0.23796111539728648,-1.1540676914906962,0.03233732881063451,0.24101797200176253,-1.1540676914906962,-0.10950628374065281,-0.23796111539728648,0.4293691295773021,-1.3336613939499267
60,stairs_up,67.1906052,-0.23796111539728648,-0.36234928095669705,0.6417144163472721,0.24101797200176253,-1.5499268967576956,-0.1590992073559958,-0.23796111539728648,0.4293691295773021,-1.2090151851885371
61,stairs_up,67.3924866,-0.7169402027963354,0.03350992431030234,1.0521045011765426,-0.23796111539728648,0.8252283348443011,0.5274890605487053,0.7199970594008113,0.4293691295773021,-1.1246598590857493
62,stairs_up,67.5943756,0.24101797200176253,0.03350992431030234,0.6685282365015707,-0.23796111539728648,-1.1540676914906962,-0.1630854648127476,0.24101797200176253,0.4293691295773021,-1.2762010892316833
63,stairs_up,67.7962570,0.24101797200176253,-1.1540676914906962,0.6159370298949695,0.24101797200176253,-1.1540676914906962,-0.025875398532790837,-0.7169402027963354,-0.36234928095669705,-1.2865803483639973
64,stairs_up,67.9981384,-0.23796111539728648,0.03350992431030234,0.49446018399793995,-0.7169402027963354,-1.1540676914906962,0.1763910122699789,-0.7169402027963354,0.4293691295773021,-1.2377942318482726
65,stairs_up,68.2000198,-0.23796111539728648,-0.36234928095669705,0.9589074571779626,-0.7169402027963354,-0.7582084862236964,-0.05397445652701302,-0.7169402027963354,0.4293691295773021,-1.2575270146441866
66,stairs_up,68.4019012,0.24101797200176253,0.8252283348443011,0.4514969688508613,-0.7169402027963354,-1.5499268967576956,-0.46480100250475,0.24101797200176253,0.4293691295773021,-1.295100772554494
67,stairs_up,68.6037903,0.24101797200176253,-0.7582084862236964,1.0134335304843898,-0.7169402027963354,-1.5499268967576956,-0.4310206714213484,-0.23796111539728648,0.8252283348443011,-0.8789907792700068
68,stairs_up,68.8056717,-0.7169402027963354,0.4293691295773021,0.7295732918378159,-0.7169402027963354,0.4293691295773021,0.3356950881354946,-0.23796111539728648,0.8252283348443011,-1.2182736778524854
69,stairs_up,69.0075531,-0.23796111539728648,-1.5499268967576956,0.06198348487281611,-0.23796111539728648,-1.1540676914906962,0.03573558040196201,-0.23796111539728648,0.03350992431030234,-1.3308094002097826
70,stairs_up,69.2094345,0.24101797200176253,0.8252283348443011,0.2991693894487045,-0.23796111539728648,-1.1540676914906962,-0.3626558437827323,-0.23796111539728648,0.4293691295773021,-1.1727199442564957
71,stairs_up,69.4113235,-0.7169402027963354,1.6169467453783006,0.8233373826621392,-0.23796111539728648,0.03350992431030234,0.24149542142651387,-0.7169402027963354,0.4293691295773021,-1.2578611211460884
72,stairs_up,69.6131973,-0.7169402027963354,-0.36234928095669705,0.7586324315177405,-0.7169402027963354,-0.36234928095669705,-0.05514028573013321,-0.7169402027963354,0.03350992431030234,-1.1748439122747212
73,stairs_up,69.8150787,-0.23796111539728648,0.4293691295773021,0.09166810141187602,0.24101797200176253,-0.36234928095669705,-0.23111939906682746,-0.23796111539728648,-0.36234928095669705,-1.4262406003543164
74,stairs_up,70.0169678,-0.23796111539728648,-0.7582084862236964,0.398547901235985,0.24101797200176253,-1.1540676914906962,-0.304301635344053,-0.23796111539728648,-0.36234928095669705,-1.4071039419038276
75,stairs_up,70.2188492,-0.7169402027963354,0.4293691295773021,0.9463429892886402,-0.23796111539728648,0.4293691295773021,0.4008939973164919,-0.23796111539728648,0.8252283348443011,-1.1468139128856882
76,stairs_up,70.4207306,-0.7169402027963354,0.03350992431030234,0.19361031907276882,-0.23796111539728648,-1.1540676914906962,-0.1864629664478338,0.24101797200176253,-0.36234928095669705,-1.411512691008111
77,stairs_up,70.6226120,-0.7169402027963354,0.03350992431030234,0.3809002970906575,-0.23796111539728648,-1.5499268967576956,-0.40281687320069004,-0.7169402027963354,0.4293691295773021,-1.2665855887077055
78,stairs_up,70.8245010,-0.7169402027963354,0.8252283348443011,0.6745967442002189,-0.7169402027963354,0.03350992431030234,0.29315772580883265,-0.7169402027963354,0.4293691295773021,-1.3770886035295526
79,stairs_up,71.0263824,-0.23796111539728648,-0.36234928095669705,0.6207013314144897,-0.7169402027963354,-1.1540676914906962,-0.07974399431193976,-0.7169402027963354,0.8252283348443011,-1.1597804424960174
80,stairs_up,71.2282639,-0.23796111539728648,1.6169467453783006,-0.03166333469484768,-0.7169402027963354,-1.945786102024695,-0.6141657559992751,0.24101797200176253,0.8252283348443011,-1.2792942813509753
81,stairs_up,71.4301529,-0.23796111539728648,0.03350992431030234,0.6916533419895019,-0.7169402027963354,-1.5499268967576956,-0.3864374564292866,-0.23796111539728648,1.2210875401113008,-1.1249694403848798
82,stairs_up,71.6320267,-0.7169402027963354,0.8252283348443011,0.8953809036893156,-0.7169402027963354,0.4293691295773021,0.33430797364698794,-0.23796111539728648,1.2210875401113008,-1.0563066840346704
83,stairs_up,71.8339081,0.24101797200176253,-0.36234928095669705,0.18634925043328276,0.24101797200176253,-0.7582084862236964,-0.15380814303217616,-0.23796111539728648,-0.36234928095669705,-1.4331541788444973
84,stairs_up,72.0357895,-0.7169402027963354,-0.7582084862236964,0.3986380603283463,0.24101797200176253,-1.1540676914906962,-0.2542043124990727,-0.7169402027963354,0.4293691295773021,-1.2914273155238787
85,stairs_up,72.2376785,-0.7169402027963354,1.2210875401113008,0.8271260635227726,-0.7169402027963354,0.4293691295773021,0.3658975574490762,-0.7169402027963354,1.2210875401113008,-1.1411625483673256
86,stairs_up,72.4395599,-0.23796111539728648,-1.1540676914906962,0.4415817961401183,-0.7169402027963354,-1.1540676914906962,-0.195549218533674,-0.7169402027963354,-0.36234928095669705,-1.5140434044922875
87,stairs_up,72.6414413,0.24101797200176253,0.03350992431030234,0.09587030389880655,0.24101797200176253,-1.1540676914906962,-0.31868463419771054,-0.7169402027963354,0.03350992431030234,-1.3687592968872544
88,stairs_up,72.8433304,-0.7169402027963354,-0.36234928095669705,0.5682386204191663,-0.23796111539728648,-1.5499268967576956,-0.22392056289765622,0.7199970594008113,0.8252283348443011,-1.301997059614276
89,stairs_up,73.0452118,-0.7169402027963354,0.4293691295773021,1.296204398122758,-0.7169402027963354,0.03350992431030234,0.14606723159264162,0.24101797200176253,1.2210875401113008,-0.913709210114764
90,stairs_up,73.2470932,0.24101797200176253,-1.1540676914906962,0.07622540538998547,0.24101797200176253,-1.1540676914906962,-0.33331811213801577,0.24101797200176253,-0.36234928095669705,-1.3657765382968379
91,stairs_down,24.2708206,-0.7169197903226574,0.42952096123839556,0.2386647594732536,-0.23792029044993068,-1.1539833405678661,-0.0034334854567052314,-0.23792029044993068,1.2212731121415266,-1.269711417983012
92,stairs_down,24.4715061,-0.7169197903226574,0.8253970366899613,0.8295214678851185,0.7200787092955229,0.42952096123839556,0.5366432172076457,-0.23792029044993068,0.8253970366899613,-1.385441396717605
93,stairs_down,24.6721897,-0.23792029044993068,-0.7581072651163008,0.48121237928684363,0.7200787092955229,-0.36223118966473505,0.4007519821202898,-0.23792029044993068,0.8253970366899613,-1.3685486605700936
94,stairs_down,24.8728733,-0.23792029044993068,0.03364488578683025,0.579768132714087,-0.7169197903226574,-0.7581072651163008,0.11891946841114336,3.115076208659157,1.2212731121415266,-1.2043810970872841
95,stairs_down,25.0735569,-0.7169197903226574,2.4089013384962232,0.5689535301484189,0.7200787092955229,0.42952096123839556,0.457010240114037,0.7200787092955229,0.8253970366899613,-1.4466329371473652
96,stairs_down,25.2742424,-0.7169197903226574,0.03364488578683025,0.8617790129130711,0.7200787092955229,0.03364488578683025,0.2596374200229337,2.6360767087864305,0.8253970366899613,-1.3548706117882336
97,stairs_down,25.4749260,-0.7169197903226574,0.42952096123839556,0.15663266467029732,-0.23792029044993068,-1.1539833405678661,-0.057544385453021075,2.6360767087864305,0.8253970366899613,-1.3215060245005101
98,stairs_down,25.6756096,-0.7169197903226574,2.4089013384962232,0.9583919747076638,0.7200787092955229,1.2212731121415266,0.9525848589369769,2.6360767087864305,0.03364488578683025,-1.503826254214246
99,stairs_down,25.8762932,-0.7169197903226574,-0.7581072651163008,0.6271811043624786,0.7200787092955229,0.03364488578683025,0.549114772745256,2.6360767087864305,0.8253970366899613,-1.2988679874504094
100,stairs_down,26.0769768,-0.7169197903226574,0.42952096123839556,0.4821661367943846,-0.7169197903226574,-1.1539833405678661,-0.08328826399506216,-0.7169197903226574,0.8253970366899613,-1.3841808734321503
101,stairs_down,26.2776604,-0.7169197903226574,0.8253970366899613,0.5819114859177875,0.7200787092955229,0.03364488578683025,0.7193920455977205,-0.7169197903226574,1.617149187593092,-1.2310333144899122
102,stairs_down,26.4783459,-0.7169197903226574,-0.36223118966473505,0.6700955011551702,0.7200787092955229,0.03364488578683025,0.4504071423354859,0.7200787092955229,1.2212731121415266,-1.170707526872229
103,stairs_down,26.6790295,-0.7169197903226574,0.03364488578683025,0.3925638778196837,-0.7169197903226574,-1.1539833405678661,0.09398105096030032,-0.23792029044993068,1.2212731121415266,-1.2228487353423991
104,stairs_down,26.8797131,0.7200787092955229,2.4089013384962232,0.8706017896153774,0.7200787092955229,0.03364488578683025,0.6412112719463909,-0.23792029044993068,1.2212731121415266,-1.3380075127343407
105,stairs_down,27.0803967,-0.23792029044993068,-0.7581072651163008,0.6661135096984664,0.7200787092955229,-0.7581072651163008,0.5813531010035891,-0.23792029044993068,1.617149187593092,-1.2447072599142486
106,stairs_down,27.2810802,-0.23792029044993068,0.03364488578683025,0.35177881519537374,-0.7169197903226574,-1.1539833405678661,0.12983953181068206,-0.23792029044993068,1.617149187593092,-1.3479586248875264
107,stairs_down,27.4817638,-0.7169197903226574,1.617149187593092,0.5602081069619462,0.7200787092955229,0.03364488578683025,0.6457702425294114,-0.7169197903226574,2.013025263044658,-1.2150801358099925
108,stairs_down,27.6824474,-0.7169197903226574,-0.36223118966473505,0.6366439556873185,0.7200787092955229,-0.36223118966473505,0.7815542975346136,-0.23792029044993068,1.617149187593092,-1.2327129734132511
109,stairs_down,27.8831310,-0.7169197903226574,-0.36223118966473505,0.1807324168081315,-0.7169197903226574,-1.1539833405678661,0.16252644211548622,-0.23792029044993068,2.4089013384962232,-1.1364128204932553
110,stairs_down,28.0838127,-0.23792029044993068,0.42952096123839556,0.6934828824745449,0.7200787092955229,-0.7581072651163008,0.19883346241352554,-0.23792029044993068,2.4089013384962232,-1.423812232415302
111,stairs_down,28.2844963,-0.23792029044993068,-0.36223118966473505,0.5661676600606083,-0.7169197903226574,0.03364488578683025,0.8723264132254416,-0.23792029044993068,2.013025263044658,-1.4283369676863555
112,stairs_down,28.4851799,-0.23792029044993068,0.03364488578683025,0.32298104510065534,-0.7169197903226574,-1.1539833405678661,0.10952043887907884,-0.23792029044993068,1.617149187593092,-1.3093254500306861
113,stairs_down,28.6858654,0.7200787092955229,0.42952096123839556,0.8742419330064405,0.7200787092955229,-0.36223118966473505,0.27032737301837145,0.24107920942279606,2.013025263044658,-1.0682904195777239
114,stairs_down,28.8865490,-0.7169197903226574,0.42952096123839556,0.6773140844223173,-0.7169197903226574,-0.7581072651163008,0.3967630551334109,0.24107920942279606,1.2212731121415266,-1.3939565513986305
115,stairs_down,29.0872326,-0.7169197903226574,0.03364488578683025,0.45049923082463084,-0.7169197903226574,-0.7581072651163008,0.3094545395236484,-0.23792029044993068,1.2212731121415266,-1.1833847334298218
116,stairs_down,29.2879162,-0.7169197903226574,0.03364488578683025,0.4247432922605875,0.7200787092955229,-0.7581072651163008,0.2729430879636564,-0.23792029044993068,0.8253970366899613,-1.421702400974666
117,stairs_down,29.4885998,-0.7169197903226574,0.42952096123839556,0.6808597285612475,-0.23792029044993068,0.03364488578683025,0.8656933515727923,-0.23792029044993068,0.42952096123839556,-1.3922681779127675
118,stairs_down,29.6892834,-0.7169197903226574,0.03364488578683025,0.4089125960225176,0.7200787092955229,-0.7581072651163008,0.5040925286289334,-0.23792029044993068,0.42952096123839556,-1.3024797380431878
119,stairs_down,29.8899651,0.7200787092955229,0.03364488578683025,0.6013459652268887,0.7200787092955229,-0.7581072651163008,0.22639821489216105,-0.7169197903226574,1.617149187593092,-1.1715458930934013
120,stairs_down,30.0906487,-0.7169197903226574,0.42952096123839556,0.4331525655796765,-0.7169197903226574,-1.1539833405678661,0.17183813074795448,-0.7169197903226574,0.8253970366899613,-1.440941280872686
121,stairs_down,30.2913322,-0.7169197903226574,1.617149187593092,0.6165653116309587,-0.7169197903226574,-0.7581072651163008,0.37829122994460423,-0.23792029044993068,0.42952096123839556,-1.466232580152826
122,stairs_down,30.4920158,0.7200787092955229,0.03364488578683025,0.6285063536840844,0.7200787092955229,0.03364488578683025,0.4622380135900042,-0.23792029044993068,1.2212731121415266,-1.4716025179017362
123,stairs_down,30.6926994,-0.7169197903226574,0.8253970366899613,0.43507201958097325,-0.7169197903226574,-1.1539833405678661,0.14201950636178176,-0.23792029044993068,1.2212731121415266,-1.3643870162189502
124,stairs_down,30.8933830,-0.7169197903226574,0.42952096123839556,0.5278668090333013,0.7200787092955229,-0.7581072651163008,0.4205599368593271,-0.23792029044993068,0.8253970366899613,-1.4817047452576475
125,stairs_down,31.0940666,0.7200787092955229,0.8253970366899613,0.9887015868705317,0.7200787092955229,0.03364488578683025,0.540334536400133,0.7200787092955229,3.992405640302484,-1.1746967850474244
126,stairs_down,31.2947502,-0.7169197903226574,0.42952096123839556,0.35593986838153513,-0.23792029044993068,-0.7581072651163008,0.25761152925167896,-0.7169197903226574,0.8253970366899613,-1.4865253326270385
127,stairs_down,31.4954338,-0.7169197903226574,0.8253970366899613,0.9894804879118104,0.7200787092955229,0.03364488578683025,0.692614782289591,1.6780777090409764,1.2212731121415266,-1.463345860971093
128,stairs_down,31.6961174,0.7200787092955229,-1.1539833405678661,0.3826091557882849,0.7200787092955229,0.03364488578683025,0.47862587779297366,1.6780777090409764,1.617149187593092,-1.4910992955818496
129,stairs_down,31.8968010,-0.7169197903226574,0.42952096123839556,0.8091923730891688,-0.7169197903226574,-1.1539833405678661,0.20856267198774614,-0.23792029044993068,2.013025263044658,-1.266812126771758
130,stairs_down,32.0974808,-0.7169197903226574,0.42952096123839556,0.7824152957979513,0.7200787092955229,0.8253970366899613,0.7650930473149464,0.24107920942279606,2.4089013384962232,-1.3717689693719675
131,stairs_down,32.2981644,0.7200787092955229,-0.36223118966473505,0.7955507939969734,0.7200787092955229,-0.36223118966473505,0.3373924885825405,0.24107920942279606,2.8047774139477877,-1.3854490919242328
132,stairs_down,32.4988480,-0.7169197903226574,0.03364488578683025,0.5449019475299839,-0.7169197903226574,-0.7581072651163008,0.30288189822083394,1.6780777090409764,1.2212731121415266,-1.3401220409328023
133,stairs_down,32.6995316,-0.7169197903226574,2.4089013384962232,0.9748343039206672,0.7200787092955229,0.42952096123839556,0.7958863837399492,-0.23792029044993068,1.2212731121415266,-1.4483578965935628
134,stairs_down,32.9002151,0.7200787092955229,-1.1539833405678661,0.704356147204276,0.7200787092955229,-0.36223118966473505,0.5546606536182102,-0.23792029044993068,0.8253970366899613,-1.421994191615915
135,stairs_down,33.1008987,-0.7169197903226574,0.42952096123839556,0.8662245456514897,-0.7169197903226574,-1.5498594160194317,-0.00803465246558258,3.115076208659157,0.8253970366899613,-1.3132584843809065
136,stairs_down,33.3015823,-0.7169197903226574,0.42952096123839556,0.3480545910346935,0.7200787092955229,0.03364488578683025,0.5502927111589089,-0.7169197903226574,1.617149187593092,-1.2785098555553964
137,stairs_down,33.5022659,-0.7169197903226574,0.03364488578683025,0.9873639952806935,0.7200787092955229,0.03364488578683025,0.7496694847222856,-0.23792029044993068,0.8253970366899613,-1.4135766647490116
138,stairs_down,33.7029495,-0.7169197903226574,0.03364488578683025,0.17565331938440326,-0.7169197903226574,-1.1539833405678661,0.16800786904982742,-0.23792029044993068,1.617149187593092,-1.2724848880554385
139,stairs_down,33.9036293,0.7200787092955229,2.8047774139477877,1.209119486930658,0.7200787092955229,-0.36223118966473505,0.6712766060922479,-0.23792029044993068,3.200653489399354,-1.044694649116811
140,stairs_down,34.1043129,-0.23792029044993068,-0.36223118966473505,0.8682051885964804,0.7200787092955229,0.03364488578683025,0.6788859397275427,-0.23792029044993068,1.617149187593092,-1.1930293965848169
141,stairs_down,34.3049965,-0.23792029044993068,0.03364488578683025,0.2647272355746404,-0.7169197903226574,-1.1539833405678661,0.019697724374706568,-0.7169197903226574,1.617149187593092,-1.2589346942989192
142,stairs_down,34.5056763,0.7200787092955229,2.4089013384962232,0.8808810924733959,0.7200787092955229,0.03364488578683025,0.66715236683729,-0.7169197903226574,3.59652956485092,-0.9463671881579295
143,stairs_down,34.7063599,-0.7169197903226574,0.03364488578683025,0.9131779650929538,-0.7169197903226574,0.03364488578683025,1.040710053848079,-0.7169197903226574,0.8253970366899613,-0.9946350736122581
144,stairs_down,34.9070435,-0.7169197903226574,0.03364488578683025,0.4446060641531407,-0.7169197903226574,-1.1539833405678661,0.3685749214082248,-0.7169197903226574,1.617149187593092,-0.8581741605799408
145,stairs_down,35.1077271,0.7200787092955229,0.42952096123839556,0.5116798990177842,0.7200787092955229,-1.1539833405678661,0.10177883329757038,-0.7169197903226574,0.8253970366899613,-1.148638855577143
146,stairs_down,35.3084106,-0.23792029044993068,-0.7581072651163008,0.4891907983543731,-0.7169197903226574,-0.36223118966473505,0.6877893850664751,-0.7169197903226574,1.2212731121415266,-0.948189199179806
147,stairs_down,35.5090942,-0.23792029044993068,-0.36223118966473505,0.5775416971178351,-0.7169197903226574,-0.7581072651163008,0.5241549561844929,-0.7169197903226574,0.8253970366899613,-1.0927408469905915
148,stairs_down,35.7097740,0.7200787092955229,0.03364488578683025,0.7625638251861612,0.7200787092955229,-0.7581072651163008,0.2725344060436863,-0.7169197903226574,1.2212731121415266,-0.7952512480684606
149,stairs_down,35.9104576,-0.7169197903226574,0.8253970366899613,0.8370446314927057,-0.7169197903226574,-1.1539833405678661,0.3640283902049964,-0.7169197903226574,-0.36223118966473505,-0.9705350161322237
150,stairs_down,36.1111412,-0.7169197903226574,0.42952096123839556,0.5176811660318807,-0.7169197903226574,-1.1539833405678661,-0.02325695285475411,-0.23792029044993068,0.03364488578683025,-0.9236016747405478
151,stairs_down,36.3118248,0.7200787092955229,0.42952096123839556,0.9747040589730867,0.7200787092955229,-0.36223118966473505,0.3292375912870405,-0.23792029044993068,0.03364488578683025,-1.1154690601171338
152,stairs_down,36.5125084,-0.23792029044993068,0.8253970366899613,0.8376097982893828,-0.7169197903226574,-0.36223118966473505,0.310349937253608,-0.23792029044993068,-0.36223118966473505,-0.8106724228744236
153,stairs_down,36.7131882,-0.23792029044993068,0.42952096123839556,0.5043528361398645,-0.7169197903226574,-0.36223118966473505,-0.1579867593647382,-0.7169197903226574,-0.7581072651163008,-1.1202159491412833
154,stairs_down,36.9138718,0.7200787092955229,0.42952096123839556,0.9554384960049419,0.7200787092955229,0.8253970366899613,0.4983487246114961,-0.7169197903226574,0.42952096123839556,-0.906646428865231
155,stairs_down,37.1145554,-0.7169197903226574,-0.36223118966473505,0.38136756690100315,-0.23792029044993068,-1.5498594160194317,-0.40069620248025517,-0.7169197903226574,-0.7581072651163008,-1.2410594208350594
156,stairs_down,37.3152390,0.24107920942279606,0.42952096123839556,0.6203085974531448,-0.23792029044993068,-0.7581072651163008,-0.046296079912379884,-0.23792029044993068,0.03364488578683025,-1.0477717383157965
157,stairs_down,37.5159225,-0.7169197903226574,0.42952096123839556,0.6579589213531755,0.7200787092955229,0.03364488578683025,0.2352168236401507,-0.23792029044993068,0.42952096123839556,-1.2228305776906876
158,stairs_down,37.7166061,-0.7169197903226574,2.013025263044658,1.0872960543560422,-0.7169197903226574,0.42952096123839556,0.22190717085878336,-0.23792029044993068,1.2212731121415266,-0.9025893989206328
159,stairs_down,37.9172859,-0.7169197903226574,-0.36223118966473505,0.33425804410045074,0.24107920942279606,-0.7581072651163008,-0.29878732692699056,0.24107920942279606,0.8253970366899613,-1.219153953180831
160,stairs_down,38.1179695,-0.7169197903226574,0.03364488578683025,0.7395316889483247,-0.23792029044993068,-0.7581072651163008,-0.2254076991538595,-0.7169197903226574,1.2212731121415266,-0.938110471245187
161,stairs_down,38.3186531,-0.7169197903226574,2.8047774139477877,1.0886230852867054,-0.23792029044993068,0.42952096123839556,0.2484199651637672,-0.7169197903226574,1.617149187593092,-1.238403681278641
162,stairs_down,38.5193367,-0.7169197903226574,-0.36223118966473505,0.5067547750284617,-0.23792029044993068,-0.7581072651163008,-0.3014858475346008,-0.23792029044993068,0.42952096123839556,-1.209085547806345
163,stairs_down,38.7200203,-0.7169197903226574,0.8253970366899613,0.631306798821836,-0.7169197903226574,-0.36223118966473505,7.534174309816778e-05,-0.23792029044993068,0.8253970366899613,-1.1190896832894233
164,stairs_down,38.9207001,-0.7169197903226574,0.8253970366899613,1.0651538960629265,-0.7169197903226574,0.03364488578683025,-0.00027725227985765704,-0.23792029044993068,1.617149187593092,-1.047030221953597
165,stairs_down,39.1213837,-0.7169197903226574,0.42952096123839556,0.8069514896529697,-0.7169197903226574,-0.36223118966473505,-0.17444360710534063,-0.23792029044993068,0.8253970366899613,-1.1730807091107085
166,stairs_down,39.3220673,-0.7169197903226574,0.03364488578683025,0.5455800299930854,-0.7169197903226574,-0.36223118966473505,-0.3900073090524395,-0.23792029044993068,0.42952096123839556,-1.1495472614996054
167,stairs_down,39.5227509,-0.7169197903226574,0.03364488578683025,0.38368320659521726,-0.23792029044993068,-0.36223118966473505,-0.2750615155300824,-0.7169197903226574,0.8253970366899613,-1.2016992293082145
168,stairs_down,39.7234344,-0.7169197903226574,2.8047774139477877,1.4596272070277796,-0.23792029044993068,1.2212731121415266,0.4459328202042478,-0.7169197903226574,1.2212731121415266,-1.0728776027697562
169,stairs_down,39.9241180,-0.7169197903226574,-0.36223118966473505,0.2627243525419033,0.24107920942279606,-1.1539833405678661,-0.5614279172784085,-0.23792029044993068,0.03364488578683025,-1.4283311157075749
170,stairs_down,40.1247940,-0.7169197903226574,0.8253970366899613,0.6576231422734422,-0.23792029044993068,-0.36223118966473505,-0.2308850715000804,-0.23792029044993068,0.8253970366899613,-1.1130131208559904
171,stairs_down,40.3254776,-0.7169197903226574,1.2212731121415266,1.0857593166745538,0.7200787092955229,0.03364488578683025,0.10237103732419378,-0.23792029044993068,0.42952096123839556,-1.0948145636405275
172,stairs_down,40.5261612,-0.7169197903226574,0.8253970366899613,0.8204295436665036,-0.7169197903226574,-0.7581072651163008,-0.2251469393440323,-0.23792029044993068,0.03364488578683025,-1.5006714354210988
173,stairs_down,40.7268448,-0.7169197903226574,0.42952096123839556,0.6038854200404494,-0.7169197903226574,-0.7581072651163008,-0.3866360960446582,-0.23792029044993068,0.42952096123839556,-1.281898921225221
174,stairs_down,40.9275284,-0.7169197903226574,-0.36223118966473505,0.4636559751241396,-0.7169197903226574,-0.7581072651163008,-0.28206468959676445,-0.7169197903226574,0.8253970366899613,-1.2489042420834162
175,stairs_down,41.1282082,-0.7169197903226574,1.2212731121415266,0.8782169698364432,-0.7169197903226574,0.42952096123839556,0.36327802707255186,-0.7169197903226574,1.617149187593092,-1.2708911321384653
176,stairs_down,41.3288918,-0.7169197903226574,-0.36223118966473505,0.4303859200049972,0.24107920942279606,-0.7581072651163008,-0.32080094724593006,-0.23792029044993068,0.42952096123839556,-1.3226202355853223
177,stairs_down,41.5295753,-0.7169197903226574,0.42952096123839556,0.6797273873873757,-0.23792029044993068,-0.7581072651163008,-0.20499017661254304,-0.23792029044993068,0.8253970366899613,-1.2524584068391733
178,stairs_down,41.7302589,-0.7169197903226574,0.8253970366899613,1.2356766171628406,-0.7169197903226574,0.42952096123839556,0.17059285718385125,-0.23792029044993068,1.2212731121415266,-1.1070027859506175
179,stairs_down,41.9309425,-0.7169197903226574,-1.1539833405678661,0.2774019364162604,-0.7169197903226574,-1.5498594160194317,-0.5667955880669818,-0.23792029044993068,1.2212731121415266,-1.33283715258164
180,stairs_down,42.1316261,-0.7169197903226574,0.42952096123839556,0.6959104013837555,-0.7169197903226574,-0.36223118966473505,-0.24525741203715512,3.5940757085318835,2.8047774139477877,-1.1646601795426381
181,stairs_down,42.3323097,-0.7169197903226574,0.8253970366899613,0.897473104058597,0.7200787092955229,-0.36223118966473505,0.06799316377565277,3.5940757085318835,2.4089013384962232,-1.1285029843522176
182,walking,225.9533539,-0.2375593717766222,-0.7572124057188409,1.2021275614692175,-0.7167393309860033,0.03483803165010989,1.662236818369852,3.1167003426890454,1.2229136877035363,-0.8453479137305165
183,walking,226.1517334,-0.2375593717766222,-1.5492628430877917,0.18978225919289818,0.7208005466421399,-1.153237624403316,1.0114002169407308,-0.2375593717766222,0.4308632503345859,-1.194452842601635
184,walking,226.3500977,-0.2375593717766222,-0.7572124057188409,0.9284820635814375,-0.2375593717766222,-0.7572124057188409,1.18098953173907,1.1999805058515214,0.4308632503345859,-1.1789838036733862
185,walking,226.5484772,0.7208005466421399,-0.3611871870343657,1.5992161894941856,-0.2375593717766222,-1.153237624403316,0.9021236057562302,-0.2375593717766222,0.4308632503345859,-0.9571176042092908
186,walking,226.7474518,0.7208005466421399,-0.7572124057188409,1.5771028726931209,-0.2375593717766222,-0.3611871870343657,1.4909278627478633,1.1999805058515214,0.8268884690190614,-0.9151002784002742
187,walking,226.9463806,-0.2375593717766222,-0.7572124057188409,1.649742639016146,-0.7167393309860033,-0.7572124057188409,1.061354042189566,-0.7167393309860033,0.4308632503345859,-1.3382832664328896
188,walking,227.1447449,-0.2375593717766222,-0.7572124057188409,0.9993592156214692,0.7208005466421399,-0.7572124057188409,0.9181286404817103,2.158340424270283,0.8268884690190614,-1.091805199375923
189,walking,227.3431091,-0.2375593717766222,-0.7572124057188409,1.3322350536224263,-0.7167393309860033,0.4308632503345859,1.5613681227009375,2.158340424270283,0.4308632503345859,-1.0996589774528556
190,walking,227.5414734,-0.2375593717766222,-1.5492628430877917,0.42285826611895794,-0.2375593717766222,-1.153237624403316,0.6406326406257568,2.158340424270283,0.4308632503345859,-1.2386211611032407
191,walking,227.7398376,0.7208005466421399,-0.3611871870343657,1.7191852497028903,-0.2375593717766222,-0.7572124057188409,0.5235546210007311,2.158340424270283,0.4308632503345859,-1.2033435639644003
192,walking,227.9382172,-0.7167393309860033,-0.7572124057188409,1.5148057838697033,-0.2375593717766222,0.4308632503345859,1.381399130107423,2.158340424270283,0.8268884690190614,-1.044946562215527
193,walking,228.1365814,-0.2375593717766222,-0.7572124057188409,2.0011036975468555,-0.7167393309860033,0.4308632503345859,1.5200301156658944,2.158340424270283,0.03483803165010989,-1.2162813609760679
194,walking,228.3349609,-0.2375593717766222,-1.5492628430877917,0.7839761222122413,0.7208005466421399,0.03483803165010989,1.3514603717516231,2.158340424270283,0.03483803165010989,-0.9915229526001879
195,walking,228.5335846,-0.2375593717766222,-0.3611871870343657,1.3985412100605938,-0.7167393309860033,-1.5492628430877917,0.6894351904353393,1.679160465060902,0.4308632503345859,-0.9955981693459802
196,walking,228.7340393,-0.2375593717766222,-1.5492628430877917,1.5327576519630832,-0.2375593717766222,-1.153237624403316,1.0809262484154176,1.679160465060902,0.4308632503345859,-1.044118419205441
197,walking,228.9324036,0.24162058743275888,-1.153237624403316,1.9478921133492249,0.7208005466421399,-0.7572124057188409,1.0258720025668373,1.1999805058515214,0.4308632503345859,-1.0178942225601082
198,walking,229.1307526,0.24162058743275888,-0.3611871870343657,2.388075962782849,0.24162058743275888,-1.153237624403316,0.9695554581439005,1.1999805058515214,0.8268884690190614,-1.0343234576595066
199,walking,229.3291321,-0.2375593717766222,-0.7572124057188409,1.8659601070090743,0.24162058743275888,0.03483803165010989,1.4139937509139198,1.1999805058515214,0.4308632503345859,-1.2526583391573116
200,walking,229.5274963,-0.2375593717766222,-1.5492628430877917,0.49179557495902226,0.7208005466421399,-0.3611871870343657,1.128819523871007,0.7208005466421399,0.8268884690190614,-1.326951346305823
201,walking,229.7258606,-0.2375593717766222,-1.5492628430877917,1.2902615562438278,-0.2375593717766222,-1.153237624403316,0.7501262214686031,0.7208005466421399,0.4308632503345859,-1.3010570810992779
202,walking,229.9242401,-0.2375593717766222,-1.5492628430877917,1.976379212058443,-0.2375593717766222,-1.153237624403316,0.8491707880985611,0.7208005466421399,1.2229136877035363,-1.1196771504579637
203,walking,230.1225891,-0.7167393309860033,-0.7572124057188409,2.259885403674669,-0.7167393309860033,-0.3611871870343657,1.694528795917346,0.7208005466421399,0.8268884690190614,-1.4954607099664223
204,walking,230.3209534,-0.2375593717766222,-1.153237624403316,1.1395571037397543,-0.7167393309860033,0.4308632503345859,1.2834789583877462,4.075060261107807,1.2229136877035363,-0.8912598506158144
205,walking,230.5193329,-0.2375593717766222,-1.5492628430877917,0.44407959785817847,-0.7167393309860033,-1.5492628430877917,0.6004859878105034,1.1999805058515214,0.4308632503345859,-1.3611526036154318
206,walking,230.7176971,-0.2375593717766222,-0.3611871870343657,0.5905992906113764,-0.7167393309860033,0.03483803165010989,1.2062173054864243,2.6375203834796643,0.03483803165010989,-1.3597586217608413
207,walking,230.9160614,-0.2375593717766222,-1.5492628430877917,1.0987668132207347,-0.2375593717766222,-1.153237624403316,0.976372306992304,2.6375203834796643,0.03483803165010989,-1.2170327484087862
208,walking,231.1144409,0.24162058743275888,-0.3611871870343657,2.0666806141587286,-0.2375593717766222,-1.5492628430877917,0.7004334938599017,2.6375203834796643,0.03483803165010989,-1.5175247112323507
209,walking,231.3127899,0.24162058743275888,0.4308632503345859,1.764189326067704,-0.7167393309860033,-0.7572124057188409,1.1080672915733154,2.158340424270283,-0.3611871870343657,-1.4576470749528978
210,walking,231.5123291,-0.2375593717766222,-0.7572124057188409,0.9879610081626935,-0.7167393309860033,-0.3611871870343657,1.41677510078413,2.158340424270283,0.03483803165010989,-1.303256298612368
211,walking,231.7106934,-0.2375593717766222,-1.5492628430877917,-0.30802664053095863,-0.7167393309860033,-1.153237624403316,0.9599084627609685,2.158340424270283,-0.3611871870343657,-1.3275395748382006
212,walking,231.9090729,-0.2375593717766222,-1.153237624403316,0.7986679197448731,-0.2375593717766222,-0.3611871870343657,0.9933912534486832,2.158340424270283,-0.3611871870343657,-1.2803875068117647
213,walking,232.1074371,0.24162058743275888,-0.3611871870343657,2.088731068361354,-0.2375593717766222,-1.153237624403316,0.616505968242206,2.158340424270283,-0.3611871870343657,-1.2798540813946369
214,walking,232.3058014,0.24162058743275888,-0.3611871870343657,1.4058168825986608,-0.2375593717766222,-0.7572124057188409,1.1763945256195003,2.158340424270283,1.2229136877035363,-0.857549122583003
215,walking,232.5041809,-0.2375593717766222,-1.153237624403316,1.33166828508214,-0.7167393309860033,-0.3611871870343657,1.1517822046560071,1.679160465060902,-0.3611871870343657,-1.393173689995109
216,walking,232.7025299,-0.2375593717766222,-1.153237624403316,0.48711659581270544,0.7208005466421399,-0.7572124057188409,1.1707226949559355,1.679160465060902,0.03483803165010989,-1.3029946373108223
217,walking,232.9008942,-0.2375593717766222,-1.153237624403316,0.6143529923470001,-0.2375593717766222,-0.7572124057188409,1.2999055901099585,1.1999805058515214,-0.3611871870343657,-1.4397757137040113
218,walking,233.0992737,-0.2375593717766222,-1.153237624403316,1.473543036248116,-0.2375593717766222,-0.3611871870343657,1.4803356972896986,1.1999805058515214,0.4308632503345859,-1.2554418764641473
219,walking,233.2976379,0.7208005466421399,-0.7572124057188409,1.6198913046794414,0.7208005466421399,-1.153237624403316,0.8728082672740349,1.1999805058515214,0.4308632503345859,-1.2021726689551129
220,walking,233.4960022,0.24162058743275888,-0.3611871870343657,2.1034601602482508,-0.7167393309860033,-1.153237624403316,1.2126879499619097,0.24162058743275888,1.2229136877035363,-1.4044549002234867
221,walking,233.6955414,-0.2375593717766222,-1.153237624403316,1.0733194707989686,0.7208005466421399,-0.7572124057188409,1.5934830031783498,0.24162058743275888,0.8268884690190614,-1.6339177093180848
222,walking,233.8938904,-0.2375593717766222,-1.5492628430877917,0.34616014693532254,0.7208005466421399,-0.7572124057188409,1.252852582945667,-0.7167393309860033,0.8268884690190614,-1.5341694676474305
223,walking,234.0934448,-0.2375593717766222,-0.7572124057188409,1.1608054004876085,-0.7167393309860033,-1.5492628430877917,0.7202007044786737,-0.7167393309860033,0.4308632503345859,-1.5737308559464458
224,walking,234.2918091,0.24162058743275888,-1.153237624403316,1.6401998933005888,-0.2375593717766222,-1.5492628430877917,0.40336729577871716,-0.7167393309860033,0.03483803165010989,-1.2184681672953757
225,walking,234.4901733,0.24162058743275888,-0.7572124057188409,1.8018397284430174,-0.7167393309860033,-1.153237624403316,1.0633670171998035,-0.7167393309860033,-0.3611871870343657,-1.3381785817675311
226,walking,234.6885376,-0.2375593717766222,-0.3611871870343657,2.0861839417063064,-0.7167393309860033,-0.3611871870343657,1.2229438204328673,-0.7167393309860033,0.4308632503345859,-1.2338271840103905
227,walking,234.8869171,-0.2375593717766222,-1.153237624403316,0.43813005141503997,0.24162058743275888,-1.153237624403316,0.5680484477639725,-0.7167393309860033,0.03483803165010989,-1.277834723722839
228,walking,235.0852814,-0.2375593717766222,-0.3611871870343657,1.3016541725299668,-0.2375593717766222,0.4308632503345859,1.6950829375712573,-0.7167393309860033,0.03483803165010989,-1.1231034925700458
229,walking,235.2836304,-0.2375593717766222,-0.7572124057188409,1.8007803710285504,-0.2375593717766222,0.03483803165010989,1.3218675866821878,-0.7167393309860033,0.03483803165010989,-1.0521770957044592
230,walking,235.4819946,0.7208005466421399,-0.3611871870343657,1.8905955561348722,-0.2375593717766222,-1.153237624403316,0.5608349406370531,-0.7167393309860033,0.8268884690190614,-1.2160251374416513
231,walking,235.6803741,-0.7167393309860033,0.03483803165010989,2.2120556220784393,-0.2375593717766222,0.8268884690190614,1.6037891993404858,-0.7167393309860033,0.4308632503345859,-1.3511899021714016
232,walking,235.8794861,-0.2375593717766222,-0.3611871870343657,1.3417718229948086,0.7208005466421399,-0.7572124057188409,0.974872697336347,-0.7167393309860033,0.4308632503345859,-1.2579073859679657
233,walking,236.0782776,-0.2375593717766222,-1.153237624403316,0.7007227549423181,-0.7167393309860033,-0.7572124057188409,1.1615650338992947,-0.7167393309860033,0.4308632503345859,-1.3284736540109974
234,walking,236.2766418,-0.2375593717766222,-1.153237624403316,1.2128698995921894,-0.7167393309860033,-1.153237624403316,0.8224791309797951,4.075060261107807,1.6189389063880117,-1.1479529287288122
235,walking,236.4750214,0.7208005466421399,-0.7572124057188409,1.455976721419722,-0.2375593717766222,-1.5492628430877917,0.3483759987385746,4.075060261107807,1.2229136877035363,-1.4138987369331577
236,walking,236.6733704,0.24162058743275888,0.8268884690190614,2.706990222827405,-0.7167393309860033,-1.153237624403316,0.9093839346475294,4.075060261107807,0.8268884690190614,-1.5255095650458195
237,walking,236.8717346,-0.2375593717766222,-0.7572124057188409,1.501376441588962,-0.7167393309860033,-1.153237624403316,0.9861337699010434,4.075060261107807,1.2229136877035363,-1.2262269402585315
238,walking,237.0700989,-0.2375593717766222,-1.5492628430877917,0.47127077532486744,-0.7167393309860033,-1.153237624403316,0.9325560975091945,4.075060261107807,1.2229136877035363,-1.2103928731089622
239,walking,237.2684784,-0.2375593717766222,-0.3611871870343657,1.464141649468638,-0.7167393309860033,0.03483803165010989,1.2353725244132525,2.158340424270283,1.2229136877035363,-1.3102520963373676
240,walking,237.4668427,-0.2375593717766222,-1.5492628430877917,0.894560518042489,-0.2375593717766222,-0.3611871870343657,1.15766408184795,4.075060261107807,0.8268884690190614,-1.5315865053854034
241,walking,237.6652069,0.24162058743275888,-0.7572124057188409,1.6690062296312296,-0.2375593717766222,-0.3611871870343657,1.337574712043336,-0.2375593717766222,0.8268884690190614,-1.5292288249016461
242,walking,237.8635559,-0.7167393309860033,0.03483803165010989,1.7906236096217776,-0.7167393309860033,-0.3611871870343657,1.0361591809365633,2.158340424270283,0.8268884690190614,-1.4768912266085983
243,walking,238.0619354,-0.2375593717766222,-0.7572124057188409,0.9424191123161608,0.7208005466421399,-0.3611871870343657,1.1204859044472284,2.158340424270283,0.4308632503345859,-1.504098871037311
244,walking,238.2602997,-0.2375593717766222,-0.7572124057188409,0.5075379522063131,-0.7167393309860033,0.03483803165010989,1.2470289235431375,2.158340424270283,0.8268884690190614,-1.4936117093701848
245,walking,238.4586639,-0.2375593717766222,-1.5492628430877917,0.3299191640983447,-0.2375593717766222,-1.5492628430877917,0.39271799046382316,-0.2375593717766222,0.8268884690190614,-1.5123141998467187
246,walking,238.6570282,0.7208005466421399,0.4308632503345859,1.6090105115083757,-0.2375593717766222,-1.5492628430877917,0.5512382905414152,-0.2375593717766222,1.2229136877035363,-1.3531877009322018
247,walking,238.8553925,-0.7167393309860033,-0.3611871870343657,1.0450039242615086,-0.7167393309860033,0.03483803165010989,1.1277830975368266,-0.2375593717766222,2.0149641250724875,-1.2693929613542345
248,walking,239.0537567,-0.2375593717766222,-0.3611871870343657,1.796224017227016,-0.7167393309860033,-0.7572124057188409,1.0347731624932952,5.033420179526569,2.0149641250724875,-1.200006726405864
249,walking,239.2521210,-0.2375593717766222,-1.5492628430877917,0.3922943908331972,-0.7167393309860033,-0.7572124057188409,0.9995082475365117,5.033420179526569,2.4109893437569623,-1.197677507464163
250,walking,239.4504852,-0.2375593717766222,-0.7572124057188409,0.9002117450440495,-0.2375593717766222,-0.3611871870343657,1.0505747523731845,5.033420179526569,1.6189389063880117,-1.46558999145274
251,walking,239.6488647,-0.2375593717766222,-1.153237624403316,1.0775543890937007,-0.2375593717766222,0.4308632503345859,1.3294841918452234,6.950140016364094,1.6189389063880117,-1.4354613527834952
252,walking,239.8472137,0.7208005466421399,-0.7572124057188409,1.6976642726780071,-0.2375593717766222,-0.3611871870343657,1.2060235360732805,6.950140016364094,2.0149641250724875,-1.4911316105106667
253,walking,240.0455780,-0.7167393309860033,0.03483803165010989,1.7700325636649192,-0.7167393309860033,-0.7572124057188409,0.8708899205380396,6.950140016364094,2.0149641250724875,-1.5286063969783672
254,walking,240.2439423,-0.2375593717766222,-0.7572124057188409,1.0957451250785046,-0.7167393309860033,0.03483803165010989,1.3593801914844743,5.51260013873595,1.6189389063880117,-1.3919621655419645
255,walking,240.4423218,-0.2375593717766222,-1.153237624403316,0.3978323971056121,-0.7167393309860033,-0.3611871870343657,1.085209301314185,1.1999805058515214,1.6189389063880117,-1.3665843197041756
256,walking,240.6406860,-0.2375593717766222,-1.5492628430877917,0.4460453082307022,-0.2375593717766222,-1.5492628430877917,0.48388484563290224,-0.2375593717766222,1.2229136877035363,-1.4763350557086647
257,walking,240.8390350,-0.2375593717766222,-1.153237624403316,1.2299978436107442,-0.2375593717766222,0.03483803165010989,1.167997335123602,-0.2375593717766222,1.2229136877035363,-1.4556109669584074
258,walking,241.0373993,-0.7167393309860033,0.03483803165010989,1.5782498151044382,-0.2375593717766222,-1.153237624403316,0.9167497528130343,-0.2375593717766222,1.6189389063880117,-1.3776656506324143
259,walking,241.2357788,-0.2375593717766222,-0.3611871870343657,0.8925433431030032,-0.7167393309860033,-0.3611871870343657,1.0150011532877503,-0.2375593717766222,0.4308632503345859,-1.106150469034713
260,walking,241.4348145,-0.2375593717766222,-0.3611871870343657,0.5845603756719112,0.7208005466421399,-0.3611871870343657,1.0707172506594447,0.7208005466421399,0.03483803165010989,-1.2042645562417011
261,walking,241.6336823,-0.2375593717766222,-0.3611871870343657,0.8999710251274085,-0.7167393309860033,0.4308632503345859,1.4256642734815672,0.7208005466421399,-0.3611871870343657,-1.2278351274349795
262,walking,241.8320465,-0.2375593717766222,-1.5492628430877917,0.1350155586148551,-0.2375593717766222,-1.153237624403316,0.8714941088475952,-0.2375593717766222,-0.3611871870343657,-1.3694527323642496
263,walking,242.0304108,0.7208005466421399,0.8268884690190614,1.532309311414619,0.7208005466421399,-1.5492628430877917,0.6588135783321171,-0.2375593717766222,-0.3611871870343657,-1.3559764061683104
264,walking,242.2287598,-0.7167393309860033,-1.153237624403316,0.7124923463554103,-0.7167393309860033,0.03483803165010989,1.2561234868200148,-0.2375593717766222,-0.3611871870343657,-1.3951817075105188
265,walking,242.4271393,-0.2375593717766222,-0.7572124057188409,0.7089729623992804,-0.7167393309860033,0.03483803165010989,1.4045420298161295,-0.2375593717766222,-0.7572124057188409,-1.3113222575588763
266,walking,242.6266632,-0.2375593717766222,-1.153237624403316,0.09301392435758764,0.7208005466421399,-1.153237624403316,0.8575918494466208,-0.2375593717766222,-0.3611871870343657,-1.3178173240140647
267,walking,242.8250427,-0.2375593717766222,0.03483803165010989,0.5369352044877165,-0.7167393309860033,-1.153237624403316,0.8513590133962393,-0.2375593717766222,-0.7572124057188409,-1.4093384671574396
268,walking,243.0234070,-0.2375593717766222,-1.153237624403316,0.5503875409806922,-0.2375593717766222,-1.153237624403316,0.9092394667412954,-0.2375593717766222,-0.7572124057188409,-1.3743489092597134
269,walking,243.2217712,0.7208005466421399,0.03483803165010989,1.1581493315190547,0.7208005466421399,-0.3611871870343657,0.9504186334732729,-0.2375593717766222,0.8268884690190614,-1.2634965864244316
270,walking,243.4201355,-0.7167393309860033,-0.7572124057188409,0.8299342356690749,-0.7167393309860033,-1.153237624403316,0.8820121394197157,-0.2375593717766222,0.4308632503345859,-1.4137860173701784
271,walking,243.6184845,-0.2375593717766222,-0.7572124057188409,0.7023746708416103,-0.7167393309860033,-0.3611871870343657,1.2194012604146165,1.679160465060902,0.03483803165010989,-1.416846432429642
272,walking,243.8180237,-0.2375593717766222,-1.5492628430877917,0.13813069456285296,0.7208005466421399,0.03483803165010989,1.0885526247478439,1.679160465060902,0.03483803165010989,-1.5778618211145006
