,ID,label,time,acc_x_pk,acc_x_cn,acc_x_pw,acc_y_pk,acc_y_cn,acc_y_pw,acc_z_pk,acc_z_cn,acc_z_pw
33,33,,61.7397652,-0.2379611153972864,-1.1540676914906962,0.0426114904289035,0.2410179720017625,-1.5499268967576956,-0.2503776237892953,-0.7169402027963354,0.8252283348443011,-1.2574803631667557
186,186,walking,226.7474518,0.7208005466421399,-0.7572124057188409,1.5771028726931209,-0.2375593717766222,-0.3611871870343657,1.4909278627478633,1.1999805058515214,0.8268884690190614,-0.9151002784002742
144,144,,34.9070435,-0.7169197903226574,0.0336448857868302,0.4446060641531407,-0.7169197903226574,-1.153983340567866,0.3685749214082248,-0.7169197903226574,1.617149187593092,-0.8581741605799408
199,199,,229.3291321,-0.2375593717766222,-0.7572124057188409,1.8659601070090743,0.2416205874327588,0.0348380316501098,1.4139937509139198,1.1999805058515214,0.4308632503345859,-1.2526583391573116
37,37,,62.5472984,-0.2379611153972864,-0.362349280956697,0.6729533910989989,-0.7169402027963354,-1.5499268967576956,0.0418269999349219,-0.2379611153972864,-0.362349280956697,-1.3506777559820164
16,16,,58.3077545,-0.2379611153972864,-1.5499268967576956,0.404388080745936,-0.2379611153972864,-0.362349280956697,-0.0625424228263752,-0.2379611153972864,-0.362349280956697,-1.4347152720190988
75,75,,70.2188492,-0.7169402027963354,0.4293691295773021,0.9463429892886402,-0.2379611153972864,0.4293691295773021,0.4008939973164919,-0.2379611153972864,0.8252283348443011,-1.1468139128856882
182,182,,225.9533539,-0.2375593717766222,-0.7572124057188409,1.2021275614692175,-0.7167393309860033,0.0348380316501098,1.662236818369852,3.1167003426890454,1.2229136877035365,-0.8453479137305165
10,10,,57.0964584,-0.2379611153972864,-0.7582084862236964,0.0426514702333183,0.2410179720017625,-0.362349280956697,0.0013673873392703,-0.2379611153972864,0.0335099243103023,-1.334615912370933
251,251,,239.6488647,-0.2375593717766222,-1.153237624403316,1.0775543890937007,-0.2375593717766222,0.4308632503345859,1.3294841918452234,6.950140016364094,1.6189389063880115,-1.4354613527834952
66,66,,68.4019012,0.2410179720017625,0.8252283348443011,0.4514969688508613,-0.7169402027963354,-1.5499268967576956,-0.46480100250475,0.2410179720017625,0.4293691295773021,-1.295100772554494
140,140,,34.1043129,-0.2379202904499306,-0.362231189664735,0.8682051885964804,0.7200787092955229,0.0336448857868302,0.6788859397275427,-0.2379202904499306,1.617149187593092,-1.1930293965848169
168,168,,39.7234344,-0.7169197903226574,2.804777413947788,1.4596272070277796,-0.2379202904499306,1.2212731121415266,0.4459328202042478,-0.7169197903226574,1.2212731121415266,-1.0728776027697562
184,184,walking,226.3500977,-0.2375593717766222,-0.7572124057188409,0.9284820635814376,-0.2375593717766222,-0.7572124057188409,1.18098953173907,1.1999805058515214,0.4308632503345859,-1.1789838036733862
73,73,,69.8150787,-0.2379611153972864,0.4293691295773021,0.091668101411876,0.2410179720017625,-0.362349280956697,-0.2311193990668274,-0.2379611153972864,-0.362349280956697,-1.4262406003543164
18,18,,58.7115211,0.7199970594008113,0.0335099243103023,1.1048642312661054,-0.2379611153972864,-0.7582084862236964,-0.0890072373158145,0.7199970594008113,0.8252283348443011,-0.9822642522020624
101,101,,26.2776604,-0.7169197903226574,0.8253970366899613,0.5819114859177875,0.7200787092955229,0.0336448857868302,0.7193920455977205,-0.7169197903226574,1.617149187593092,-1.2310333144899122
197,197,,228.9324036,0.2416205874327588,-1.153237624403316,1.9478921133492249,0.7208005466421399,-0.7572124057188409,1.0258720025668373,1.1999805058515214,0.4308632503345859,-1.0178942225601082
112,112,,28.4851799,-0.2379202904499306,0.0336448857868302,0.3229810451006553,-0.7169197903226574,-1.153983340567866,0.1095204388790788,-0.2379202904499306,1.617149187593092,-1.309325450030686
172,172,,40.5261612,-0.7169197903226574,0.8253970366899613,0.8204295436665036,-0.7169197903226574,-0.7581072651163008,-0.2251469393440323,-0.2379202904499306,0.0336448857868302,-1.5006714354210988
86,86,,72.4395599,-0.2379611153972864,-1.1540676914906962,0.4415817961401183,-0.7169402027963354,-1.1540676914906962,-0.195549218533674,-0.7169402027963354,-0.362349280956697,-1.5140434044922877
55,55,,66.1811905,-0.7169402027963354,-1.1540676914906962,0.3408239171611346,0.2410179720017625,-1.1540676914906962,-0.1204425097432286,-0.2379611153972864,0.0335099243103023,-1.2531133421834355
97,97,,25.474926,-0.7169197903226574,0.4295209612383955,0.1566326646702973,-0.2379202904499306,-1.153983340567866,-0.057544385453021,2.6360767087864305,0.8253970366899613,-1.32150602450051
202,202,,229.9242401,-0.2375593717766222,-1.5492628430877915,1.976379212058443,-0.2375593717766222,-1.153237624403316,0.8491707880985611,0.7208005466421399,1.2229136877035365,-1.1196771504579637
38,38,,62.7491837,-0.2379611153972864,-0.7582084862236964,0.8160086383465438,0.7199970594008113,0.0335099243103023,0.5859793136462492,-0.2379611153972864,0.4293691295773021,-1.0526747406009331
179,179,,41.9309425,-0.7169197903226574,-1.153983340567866,0.2774019364162604,-0.7169197903226574,-1.5498594160194317,-0.5667955880669818,-0.2379202904499306,1.2212731121415266,-1.33283715258164
84,84,,72.0357895,-0.7169402027963354,-0.7582084862236964,0.3986380603283463,0.2410179720017625,-1.1540676914906962,-0.2542043124990727,-0.7169402027963354,0.4293691295773021,-1.291427315523879
254,254,,240.2439423,-0.2375593717766222,-0.7572124057188409,1.0957451250785046,-0.7167393309860033,0.0348380316501098,1.3593801914844743,5.51260013873595,1.6189389063880115,-1.3919621655419645
92,92,,24.4715061,-0.7169197903226574,0.8253970366899613,0.8295214678851185,0.7200787092955229,0.4295209612383955,0.5366432172076457,-0.2379202904499306,0.8253970366899613,-1.385441396717605
201,201,,229.7258606,-0.2375593717766222,-1.5492628430877915,1.2902615562438278,-0.2375593717766222,-1.153237624403316,0.7501262214686031,0.7208005466421399,0.4308632503345859,-1.301057081099278
127,127,,31.4954338,-0.7169197903226574,0.8253970366899613,0.9894804879118104,0.7200787092955229,0.0336448857868302,0.692614782289591,1.6780777090409764,1.2212731121415266,-1.463345860971093
125,125,,31.0940666,0.7200787092955229,0.8253970366899613,0.9887015868705316,0.7200787092955229,0.0336448857868302,0.540334536400133,0.7200787092955229,3.992405640302484,-1.1746967850474244
78,78,,70.824501,-0.7169402027963354,0.8252283348443011,0.6745967442002189,-0.7169402027963354,0.0335099243103023,0.2931577258088326,-0.7169402027963354,0.4293691295773021,-1.3770886035295526
183,183,,226.1517334,-0.2375593717766222,-1.5492628430877915,0.1897822591928981,0.7208005466421399,-1.153237624403316,1.0114002169407308,-0.2375593717766222,0.4308632503345859,-1.194452842601635
111,111,,28.2844963,-0.2379202904499306,-0.362231189664735,0.5661676600606083,-0.7169197903226574,0.0336448857868302,0.8723264132254416,-0.2379202904499306,2.013025263044658,-1.4283369676863555
231,231,,235.6803741,-0.7167393309860033,0.0348380316501098,2.2120556220784398,-0.2375593717766222,0.8268884690190614,1.6037891993404858,-0.7167393309860033,0.4308632503345859,-1.3511899021714016
261,261,,241.6336823,-0.2375593717766222,-0.3611871870343657,0.8999710251274085,-0.7167393309860033,0.4308632503345859,1.4256642734815672,0.7208005466421399,-0.3611871870343657,-1.2278351274349797
262,262,,241.8320465,-0.2375593717766222,-1.5492628430877915,0.1350155586148551,-0.2375593717766222,-1.153237624403316,0.8714941088475952,-0.2375593717766222,-0.3611871870343657,-1.3694527323642496
173,173,,40.7268448,-0.7169197903226574,0.4295209612383955,0.6038854200404494,-0.7169197903226574,-0.7581072651163008,-0.3866360960446582,-0.2379202904499306,0.4295209612383955,-1.281898921225221
147,147,,35.5090942,-0.2379202904499306,-0.362231189664735,0.5775416971178351,-0.7169197903226574,-0.7581072651163008,0.5241549561844929,-0.7169197903226574,0.8253970366899613,-1.0927408469905917
157,157,stairs_down,37.5159225,-0.7169197903226574,0.4295209612383955,0.6579589213531755,0.7200787092955229,0.0336448857868302,0.2352168236401507,-0.2379202904499306,0.4295209612383955,-1.2228305776906876
69,69,,69.0075531,-0.2379611153972864,-1.5499268967576956,0.0619834848728161,-0.2379611153972864,-1.1540676914906962,0.035735580401962,-0.2379611153972864,0.0335099243103023,-1.3308094002097826
2,2,,55.4813919,-0.7169402027963354,0.4293691295773021,0.8138801158486593,-0.2379611153972864,0.8252283348443011,0.9083543771503536,-0.7169402027963354,3.2003835664462983,-1.2308876577392505
76,76,,70.4207306,-0.7169402027963354,0.0335099243103023,0.1936103190727688,-0.2379611153972864,-1.1540676914906962,-0.1864629664478338,0.2410179720017625,-0.362349280956697,-1.411512691008111
259,259,,241.2357788,-0.2375593717766222,-0.3611871870343657,0.8925433431030032,-0.7167393309860033,-0.3611871870343657,1.0150011532877503,-0.2375593717766222,0.4308632503345859,-1.106150469034713
143,143,,34.7063599,-0.7169197903226574,0.0336448857868302,0.9131779650929538,-0.7169197903226574,0.0336448857868302,1.040710053848079,-0.7169197903226574,0.8253970366899613,-0.994635073612258
195,195,,228.5335846,-0.2375593717766222,-0.3611871870343657,1.3985412100605938,-0.7167393309860033,-1.5492628430877915,0.6894351904353393,1.679160465060902,0.4308632503345859,-0.9955981693459802
96,96,,25.2742424,-0.7169197903226574,0.0336448857868302,0.8617790129130711,0.7200787092955229,0.0336448857868302,0.2596374200229337,2.6360767087864305,0.8253970366899613,-1.3548706117882336
108,108,,27.6824474,-0.7169197903226574,-0.362231189664735,0.6366439556873185,0.7200787092955229,-0.362231189664735,0.7815542975346136,-0.2379202904499306,1.617149187593092,-1.2327129734132511
142,142,,34.5056763,0.7200787092955229,2.4089013384962232,0.8808810924733959,0.7200787092955229,0.0336448857868302,0.66715236683729,-0.7169197903226574,3.59652956485092,-0.9463671881579296
175,175,stairs_down,41.1282082,-0.7169197903226574,1.2212731121415266,0.8782169698364432,-0.7169197903226574,0.4295209612383955,0.3632780270725518,-0.7169197903226574,1.617149187593092,-1.2708911321384653
216,216,,232.7025299,-0.2375593717766222,-1.153237624403316,0.4871165958127054,0.7208005466421399,-0.7572124057188409,1.1707226949559355,1.679160465060902,0.0348380316501098,-1.3029946373108223
74,74,,70.0169678,-0.2379611153972864,-0.7582084862236964,0.398547901235985,0.2410179720017625,-1.1540676914906962,-0.304301635344053,-0.2379611153972864,-0.362349280956697,-1.4071039419038276
118,118,,29.6892834,-0.7169197903226574,0.0336448857868302,0.4089125960225176,0.7200787092955229,-0.7581072651163008,0.5040925286289334,-0.2379202904499306,0.4295209612383955,-1.3024797380431878
29,29,,60.9322319,-0.7169402027963354,0.0335099243103023,0.4763276741995288,-0.2379611153972864,-1.1540676914906962,-0.0217484052112485,-0.7169402027963354,0.4293691295773021,-1.2774338071926303
217,217,,232.9008942,-0.2375593717766222,-1.153237624403316,0.6143529923470001,-0.2375593717766222,-0.7572124057188409,1.2999055901099583,1.1999805058515214,-0.3611871870343657,-1.4397757137040113
194,194,,228.3349609,-0.2375593717766222,-1.5492628430877915,0.7839761222122413,0.7208005466421399,0.0348380316501098,1.3514603717516231,2.158340424270283,0.0348380316501098,-0.991522952600188
236,236,,236.6733704,0.2416205874327588,0.8268884690190614,2.706990222827405,-0.7167393309860033,-1.153237624403316,0.9093839346475294,4.075060261107807,0.8268884690190614,-1.5255095650458197
124,124,,30.893383,-0.7169197903226574,0.4295209612383955,0.5278668090333013,0.7200787092955229,-0.7581072651163008,0.4205599368593271,-0.2379202904499306,0.8253970366899613,-1.4817047452576475
164,164,,38.9207001,-0.7169197903226574,0.8253970366899613,1.0651538960629263,-0.7169197903226574,0.0336448857868302,-0.0002772522798576,-0.2379202904499306,1.617149187593092,-1.047030221953597
5,5,stairs_up,56.0870438,-0.2379611153972864,1.2210875401113008,0.7854662831948623,-0.7169402027963354,0.4293691295773021,0.6819632474153414,-0.2379611153972864,0.8252283348443011,-1.2694237975229736
116,116,stairs_down,29.2879162,-0.7169197903226574,0.0336448857868302,0.4247432922605875,0.7200787092955229,-0.7581072651163008,0.2729430879636564,-0.2379202904499306,0.8253970366899613,-1.421702400974666
56,56,,66.3830719,-0.7169402027963354,0.0335099243103023,0.4489864327029775,0.2410179720017625,-1.5499268967576956,-0.4198529098635173,-0.2379611153972864,0.8252283348443011,-1.1815165242412156
152,152,stairs_down,36.5125084,-0.2379202904499306,0.8253970366899613,0.8376097982893828,-0.7169197903226574,-0.362231189664735,0.310349937253608,-0.2379202904499306,-0.362231189664735,-0.8106724228744236
177,177,,41.5295753,-0.7169197903226574,0.4295209612383955,0.6797273873873757,-0.2379202904499306,-0.7581072651163008,-0.204990176612543,-0.2379202904499306,0.8253970366899613,-1.2524584068391733
137,137,,33.5022659,-0.7169197903226574,0.0336448857868302,0.9873639952806936,0.7200787092955229,0.0336448857868302,0.7496694847222856,-0.2379202904499306,0.8253970366899613,-1.4135766647490116
65,65,,68.2000198,-0.2379611153972864,-0.362349280956697,0.9589074571779626,-0.7169402027963354,-0.7582084862236964,-0.053974456527013,-0.7169402027963354,0.4293691295773021,-1.2575270146441866
159,159,,37.9172859,-0.7169197903226574,-0.362231189664735,0.3342580441004507,0.241079209422796,-0.7581072651163008,-0.2987873269269905,0.241079209422796,0.8253970366899613,-1.219153953180831
85,85,,72.2376785,-0.7169402027963354,1.2210875401113008,0.8271260635227726,-0.7169402027963354,0.4293691295773021,0.3658975574490762,-0.7169402027963354,1.2210875401113008,-1.1411625483673256
114,114,,28.886549,-0.7169197903226574,0.4295209612383955,0.6773140844223173,-0.7169197903226574,-0.7581072651163008,0.3967630551334109,0.241079209422796,1.2212731121415266,-1.3939565513986305
247,247,,238.8553925,-0.7167393309860033,-0.3611871870343657,1.0450039242615086,-0.7167393309860033,0.0348380316501098,1.1277830975368266,-0.2375593717766222,2.0149641250724875,-1.2693929613542343
210,210,,231.5123291,-0.2375593717766222,-0.7572124057188409,0.9879610081626936,-0.7167393309860033,-0.3611871870343657,1.41677510078413,2.158340424270283,0.0348380316501098,-1.303256298612368
31,31,,61.3360023,-0.7169402027963354,2.4086651559123,1.334660474284245,0.7199970594008113,0.4293691295773021,0.5694723977899457,-0.2379611153972864,1.2210875401113008,-1.1928482368753286
12,12,,57.5002251,0.7199970594008113,0.0335099243103023,0.7670873563921966,-0.7169402027963354,0.8252283348443011,0.5958438759214014,0.7199970594008113,1.6169467453783006,-0.9024732932776393
35,35,,62.1435318,-0.7169402027963354,-0.7582084862236964,0.6837866585526762,-0.2379611153972864,-1.5499268967576956,-0.0518099150560277,0.2410179720017625,0.0335099243103023,-1.1919038867828298
28,28,,60.7303505,-0.7169402027963354,0.0335099243103023,0.8638924816048567,0.7199970594008113,0.8252283348443011,0.5075145955782389,-0.7169402027963354,1.6169467453783006,-1.031282059098442
255,255,,240.4423218,-0.2375593717766222,-1.153237624403316,0.3978323971056121,-0.7167393309860033,-0.3611871870343657,1.085209301314185,1.1999805058515214,1.6189389063880115,-1.3665843197041756
158,158,,37.7166061,-0.7169197903226574,2.013025263044658,1.0872960543560422,-0.7169197903226574,0.4295209612383955,0.2219071708587833,-0.2379202904499306,1.2212731121415266,-0.9025893989206328
51,51,,65.3736649,-0.7169402027963354,0.4293691295773021,0.9499035454575668,0.7199970594008113,1.2210875401113008,0.4011688489724357,-0.7169402027963354,2.4086651559123,-1.2442088268448563
95,95,,25.0735569,-0.7169197903226574,2.4089013384962232,0.5689535301484189,0.7200787092955229,0.4295209612383955,0.457010240114037,0.7200787092955229,0.8253970366899613,-1.4466329371473652
246,246,,238.6570282,0.7208005466421399,0.4308632503345859,1.6090105115083757,-0.2375593717766222,-1.5492628430877915,0.5512382905414152,-0.2375593717766222,1.2229136877035365,-1.3531877009322018
181,181,,42.3323097,-0.7169197903226574,0.8253970366899613,0.897473104058597,0.7200787092955229,-0.362231189664735,0.0679931637756527,3.5940757085318835,2.4089013384962232,-1.1285029843522176
41,41,,63.3548279,0.7199970594008113,0.8252283348443011,1.3388781803184715,0.7199970594008113,1.2210875401113008,0.7493730180947864,-0.2379611153972864,0.4293691295773021,-1.095080323860976
220,220,,233.4960022,0.2416205874327588,-0.3611871870343657,2.1034601602482508,-0.7167393309860033,-1.153237624403316,1.2126879499619097,0.2416205874327588,1.2229136877035365,-1.4044549002234867
178,178,,41.7302589,-0.7169197903226574,0.8253970366899613,1.2356766171628406,-0.7169197903226574,0.4295209612383955,0.1705928571838512,-0.2379202904499306,1.2212731121415266,-1.1070027859506175
136,136,,33.3015823,-0.7169197903226574,0.4295209612383955,0.3480545910346935,0.7200787092955229,0.0336448857868302,0.5502927111589089,-0.7169197903226574,1.617149187593092,-1.2785098555553964
26,26,,60.3265839,-0.2379611153972864,-1.1540676914906962,0.3547527402051748,-0.7169402027963354,-1.5499268967576956,-0.178089821983158,-0.2379611153972864,1.2210875401113008,-1.298871604272149
266,266,,242.6266632,-0.2375593717766222,-1.153237624403316,0.0930139243575876,0.7208005466421399,-1.153237624403316,0.8575918494466208,-0.2375593717766222,-0.3611871870343657,-1.3178173240140647
141,141,,34.3049965,-0.2379202904499306,0.0336448857868302,0.2647272355746404,-0.7169197903226574,-1.153983340567866,0.0196977243747065,-0.7169197903226574,1.617149187593092,-1.2589346942989192
193,193,,228.1365814,-0.2375593717766222,-0.7572124057188409,2.0011036975468555,-0.7167393309860033,0.4308632503345859,1.5200301156658944,2.158340424270283,0.0348380316501098,-1.216281360976068
0,0,,55.0776253,-0.2379611153972864,0.0335099243103023,0.0535017990030654,-0.7169402027963354,-1.945786102024695,-0.0967310383201168,-0.7169402027963354,1.6169467453783006,-1.4698658428253393
233,233,,236.0782776,-0.2375593717766222,-1.153237624403316,0.7007227549423181,-0.7167393309860033,-0.7572124057188409,1.1615650338992949,-0.7167393309860033,0.4308632503345859,-1.3284736540109974
100,100,,26.0769768,-0.7169197903226574,0.4295209612383955,0.4821661367943846,-0.7169197903226574,-1.153983340567866,-0.0832882639950621,-0.7169197903226574,0.8253970366899613,-1.3841808734321503
209,209,,231.3127899,0.2416205874327588,0.4308632503345859,1.764189326067704,-0.7167393309860033,-0.7572124057188409,1.1080672915733154,2.158340424270283,-0.3611871870343657,-1.4576470749528978
204,204,,230.3209534,-0.2375593717766222,-1.153237624403316,1.1395571037397545,-0.7167393309860033,0.4308632503345859,1.2834789583877462,4.075060261107807,1.2229136877035365,-0.8912598506158144
98,98,,25.6756096,-0.7169197903226574,2.4089013384962232,0.9583919747076638,0.7200787092955229,1.2212731121415266,0.9525848589369768,2.6360767087864305,0.0336448857868302,-1.503826254214246
36,36,,62.3454132,0.2410179720017625,0.0335099243103023,0.4903496888470139,-0.2379611153972864,-1.945786102024695,-0.3319322408171511,-0.2379611153972864,0.4293691295773021,-1.1379191504773831
61,61,,67.3924866,-0.7169402027963354,0.0335099243103023,1.0521045011765426,-0.2379611153972864,0.8252283348443011,0.5274890605487053,0.7199970594008113,0.4293691295773021,-1.1246598590857493
150,150,,36.1111412,-0.7169197903226574,0.4295209612383955,0.5176811660318807,-0.7169197903226574,-1.153983340567866,-0.0232569528547541,-0.2379202904499306,0.0336448857868302,-0.9236016747405478
192,192,,227.9382172,-0.7167393309860033,-0.7572124057188409,1.514805783869703,-0.2375593717766222,0.4308632503345859,1.381399130107423,2.158340424270283,0.8268884690190614,-1.044946562215527
206,206,,230.7176971,-0.2375593717766222,-0.3611871870343657,0.5905992906113764,-0.7167393309860033,0.0348380316501098,1.2062173054864245,2.6375203834796643,0.0348380316501098,-1.3597586217608413
11,11,,57.2983398,-0.2379611153972864,-1.1540676914906962,0.3421258264870542,-0.7169402027963354,-1.5499268967576956,-0.020975039567404,-0.2379611153972864,-0.362349280956697,-1.3984360457192444
269,269,,243.2217712,0.7208005466421399,0.0348380316501098,1.1581493315190547,0.7208005466421399,-0.3611871870343657,0.9504186334732728,-0.2375593717766222,0.8268884690190614,-1.2634965864244316
230,230,,235.4819946,0.7208005466421399,-0.3611871870343657,1.890595556134872,-0.2375593717766222,-1.153237624403316,0.5608349406370531,-0.7167393309860033,0.8268884690190614,-1.2160251374416513
27,27,,60.5284653,-0.2379611153972864,-0.7582084862236964,0.2173735935032877,-0.7169402027963354,-1.1540676914906962,-0.0901813232800268,-0.2379611153972864,1.6169467453783006,-1.251644362051488
180,180,,42.1316261,-0.7169197903226574,0.4295209612383955,0.6959104013837555,-0.7169197903226574,-0.362231189664735,-0.2452574120371551,3.5940757085318835,2.804777413947788,-1.164660179542638
4,4,,55.8851585,0.2410179720017625,-0.362349280956697,0.2099637525519057,-0.2379611153972864,-1.5499268967576956,0.0043847011823201,-0.2379611153972864,0.4293691295773021,-1.4473133615803568
122,122,,30.4920158,0.7200787092955229,0.0336448857868302,0.6285063536840844,0.7200787092955229,0.0336448857868302,0.4622380135900042,-0.2379202904499306,1.2212731121415266,-1.4716025179017362
32,32,,61.5378838,-0.2379611153972864,-1.5499268967576956,0.2173744517846949,-0.7169402027963354,-1.1540676914906962,0.0332191382816813,-0.2379611153972864,0.4293691295773021,-1.3738647858672977
165,165,,39.1213837,-0.7169197903226574,0.4295209612383955,0.8069514896529697,-0.7169197903226574,-0.362231189664735,-0.1744436071053406,-0.2379202904499306,0.8253970366899613,-1.1730807091107085
162,162,,38.5193367,-0.7169197903226574,-0.362231189664735,0.5067547750284617,-0.2379202904499306,-0.7581072651163008,-0.3014858475346008,-0.2379202904499306,0.4295209612383955,-1.209085547806345
170,170,,40.124794,-0.7169197903226574,0.8253970366899613,0.6576231422734422,-0.2379202904499306,-0.362231189664735,-0.2308850715000804,-0.2379202904499306,0.8253970366899613,-1.1130131208559904
243,243,,238.0619354,-0.2375593717766222,-0.7572124057188409,0.9424191123161608,0.7208005466421399,-0.3611871870343657,1.1204859044472284,2.158340424270283,0.4308632503345859,-1.504098871037311
138,138,,33.7029495,-0.7169197903226574,0.0336448857868302,0.1756533193844032,-0.7169197903226574,-1.153983340567866,0.1680078690498274,-0.2379202904499306,1.617149187593092,-1.2724848880554385
62,62,,67.5943756,0.2410179720017625,0.0335099243103023,0.6685282365015707,-0.2379611153972864,-1.1540676914906962,-0.1630854648127476,0.2410179720017625,0.4293691295773021,-1.2762010892316833
135,135,,33.1008987,-0.7169197903226574,0.4295209612383955,0.8662245456514897,-0.7169197903226574,-1.5498594160194317,-0.0080346524655825,3.115076208659157,0.8253970366899613,-1.3132584843809063
128,128,,31.6961174,0.7200787092955229,-1.153983340567866,0.3826091557882849,0.7200787092955229,0.0336448857868302,0.4786258777929736,1.6780777090409764,1.617149187593092,-1.4910992955818496
263,263,,242.0304108,0.7208005466421399,0.8268884690190614,1.532309311414619,0.7208005466421399,-1.5492628430877915,0.6588135783321171,-0.2375593717766222,-0.3611871870343657,-1.3559764061683104
221,221,,233.6955414,-0.2375593717766222,-1.153237624403316,1.0733194707989686,0.7208005466421399,-0.7572124057188409,1.5934830031783498,0.2416205874327588,0.8268884690190614,-1.6339177093180848
70,70,,69.2094345,0.2410179720017625,0.8252283348443011,0.2991693894487045,-0.2379611153972864,-1.1540676914906962,-0.3626558437827323,-0.2379611153972864,0.4293691295773021,-1.1727199442564955
224,224,,234.2918091,0.2416205874327588,-1.153237624403316,1.6401998933005888,-0.2375593717766222,-1.5492628430877915,0.4033672957787171,-0.7167393309860033,0.0348380316501098,-1.2184681672953757
64,64,,67.9981384,-0.2379611153972864,0.0335099243103023,0.4944601839979399,-0.7169402027963354,-1.1540676914906962,0.1763910122699789,-0.7169402027963354,0.4293691295773021,-1.2377942318482726
44,44,,63.9604797,-0.2379611153972864,0.8252283348443011,0.908078513165808,0.7199970594008113,0.0335099243103023,0.336763638134505,-0.2379611153972864,0.4293691295773021,-1.1496072961082189
268,268,,243.023407,-0.2375593717766222,-1.153237624403316,0.5503875409806922,-0.2375593717766222,-1.153237624403316,0.9092394667412954,-0.2375593717766222,-0.7572124057188409,-1.3743489092597134
156,156,,37.315239,0.241079209422796,0.4295209612383955,0.6203085974531448,-0.2379202904499306,-0.7581072651163008,-0.0462960799123798,-0.2379202904499306,0.0336448857868302,-1.0477717383157965
40,40,,63.1529465,0.2410179720017625,-0.362349280956697,0.7006861996743206,-0.2379611153972864,-1.5499268967576956,-0.2345202289019113,0.7199970594008113,1.2210875401113008,-1.053314115951714
123,123,,30.6926994,-0.7169197903226574,0.8253970366899613,0.4350720195809732,-0.7169197903226574,-1.153983340567866,0.1420195063617817,-0.2379202904499306,1.2212731121415266,-1.3643870162189502
153,153,,36.7131882,-0.2379202904499306,0.4295209612383955,0.5043528361398645,-0.7169197903226574,-0.362231189664735,-0.1579867593647382,-0.7169197903226574,-0.7581072651163008,-1.1202159491412833
23,23,,59.7209358,-0.7169402027963354,0.0335099243103023,0.3716666334959968,-0.2379611153972864,-1.5499268967576956,-0.2456879211569477,0.2410179720017625,0.8252283348443011,-1.1801525916646407
245,245,,238.4586639,-0.2375593717766222,-1.5492628430877915,0.3299191640983447,-0.2375593717766222,-1.5492628430877915,0.3927179904638231,-0.2375593717766222,0.8268884690190614,-1.5123141998467189
215,215,,232.5041809,-0.2375593717766222,-1.153237624403316,1.33166828508214,-0.7167393309860033,-0.3611871870343657,1.1517822046560071,1.679160465060902,-0.3611871870343657,-1.393173689995109
81,81,,71.4301529,-0.2379611153972864,0.0335099243103023,0.6916533419895019,-0.7169402027963354,-1.5499268967576956,-0.3864374564292866,-0.2379611153972864,1.2210875401113008,-1.1249694403848798
39,39,stairs_up,62.9510612,0.2410179720017625,0.0335099243103023,0.3197469392306108,-0.7169402027963354,-1.5499268967576956,-0.1659064874846116,0.2410179720017625,1.2210875401113008,-1.135441653852573
242,242,,237.8635559,-0.7167393309860033,0.0348380316501098,1.7906236096217776,-0.7167393309860033,-0.3611871870343657,1.0361591809365631,2.158340424270283,0.8268884690190614,-1.4768912266085985
47,47,,64.566124,-0.7169402027963354,0.8252283348443011,0.99831482963635,0.7199970594008113,0.0335099243103023,0.0850386398064188,-0.2379611153972864,0.4293691295773021,-1.2346664165549557
94,94,,24.8728733,-0.2379202904499306,0.0336448857868302,0.579768132714087,-0.7169197903226574,-0.7581072651163008,0.1189194684111433,3.115076208659157,1.2212731121415266,-1.204381097087284
222,222,,233.8938904,-0.2375593717766222,-1.5492628430877915,0.3461601469353225,0.7208005466421399,-0.7572124057188409,1.252852582945667,-0.7167393309860033,0.8268884690190614,-1.5341694676474305
238,238,,237.0700989,-0.2375593717766222,-1.5492628430877915,0.4712707753248674,-0.7167393309860033,-1.153237624403316,0.9325560975091944,4.075060261107807,1.2229136877035365,-1.2103928731089622
161,161,,38.3186531,-0.7169197903226574,2.804777413947788,1.0886230852867054,-0.2379202904499306,0.4295209612383955,0.2484199651637672,-0.7169197903226574,1.617149187593092,-1.238403681278641
43,43,,63.7585945,-0.2379611153972864,-1.5499268967576956,0.0232452447211292,0.2410179720017625,-1.5499268967576956,-0.1642749937127042,-0.2379611153972864,0.4293691295773021,-1.349326230974984
145,145,,35.1077271,0.7200787092955229,0.4295209612383955,0.5116798990177842,0.7200787092955229,-1.153983340567866,0.1017788332975703,-0.7169197903226574,0.8253970366899613,-1.148638855577143
190,190,,227.5414734,-0.2375593717766222,-1.5492628430877915,0.4228582661189579,-0.2375593717766222,-1.153237624403316,0.6406326406257568,2.158340424270283,0.4308632503345859,-1.2386211611032407
200,200,,229.5274963,-0.2375593717766222,-1.5492628430877915,0.4917955749590222,0.7208005466421399,-0.3611871870343657,1.128819523871007,0.7208005466421399,0.8268884690190614,-1.326951346305823
3,3,,55.6832771,-0.7169402027963354,0.0335099243103023,0.1615333796889663,-0.2379611153972864,-1.1540676914906962,0.1467626377666686,-0.2379611153972864,0.4293691295773021,-1.311106219600568
105,105,,27.0803967,-0.2379202904499306,-0.7581072651163008,0.6661135096984664,0.7200787092955229,-0.7581072651163008,0.5813531010035891,-0.2379202904499306,1.617149187593092,-1.2447072599142486
53,53,stairs_up,65.7774277,-0.7169402027963354,0.0335099243103023,0.5022367472843984,-0.2379611153972864,-1.5499268967576956,-0.4642746365538348,-0.2379611153972864,0.4293691295773021,-1.2935284499277744
133,133,,32.6995316,-0.7169197903226574,2.4089013384962232,0.9748343039206672,0.7200787092955229,0.4295209612383955,0.7958863837399492,-0.2379202904499306,1.2212731121415266,-1.4483578965935628
1,1,,55.2795067,-0.7169402027963354,-0.7582084862236964,0.1078785947191219,-0.7169402027963354,-1.5499268967576956,0.0346411291328451,-0.7169402027963354,1.2210875401113008,-1.4732801563886972
225,225,,234.4901733,0.2416205874327588,-0.7572124057188409,1.8018397284430172,-0.7167393309860033,-1.153237624403316,1.0633670171998035,-0.7167393309860033,-0.3611871870343657,-1.3381785817675311
103,103,,26.6790295,-0.7169197903226574,0.0336448857868302,0.3925638778196837,-0.7169197903226574,-1.153983340567866,0.0939810509603003,-0.2379202904499306,1.2212731121415266,-1.2228487353423991
49,49,,64.9698944,-0.2379611153972864,0.4293691295773021,0.1107081315962536,-0.2379611153972864,-1.5499268967576956,-0.4735557803611241,-0.2379611153972864,0.4293691295773021,-1.3541261932581752
163,163,,38.7200203,-0.7169197903226574,0.8253970366899613,0.631306798821836,-0.7169197903226574,-0.362231189664735,7.534174309816778e-05,-0.2379202904499306,0.8253970366899613,-1.1190896832894233
80,80,,71.2282639,-0.2379611153972864,1.6169467453783006,-0.0316633346948476,-0.7169402027963354,-1.945786102024695,-0.6141657559992751,0.2410179720017625,0.8252283348443011,-1.2792942813509751
205,205,,230.5193329,-0.2375593717766222,-1.5492628430877915,0.4440795978581784,-0.7167393309860033,-1.5492628430877915,0.6004859878105034,1.1999805058515214,0.4308632503345859,-1.3611526036154318
34,34,,61.9416466,-0.7169402027963354,0.4293691295773021,0.939919239465881,-0.2379611153972864,-0.362349280956697,0.1851720419709739,-0.7169402027963354,0.8252283348443011,-1.137916389185754
239,239,,237.2684784,-0.2375593717766222,-0.3611871870343657,1.464141649468638,-0.7167393309860033,0.0348380316501098,1.2353725244132523,2.158340424270283,1.2229136877035365,-1.3102520963373676
7,7,,56.4908066,-0.7169402027963354,0.0335099243103023,0.0068108367247228,-0.7169402027963354,-1.5499268967576956,-0.0915098115859864,-0.7169402027963354,1.2210875401113008,-1.2736709960465
171,171,,40.3254776,-0.7169197903226574,1.2212731121415266,1.0857593166745538,0.7200787092955229,0.0336448857868302,0.1023710373241937,-0.2379202904499306,0.4295209612383955,-1.0948145636405275
198,198,,229.1307526,0.2416205874327588,-0.3611871870343657,2.388075962782849,0.2416205874327588,-1.153237624403316,0.9695554581439004,1.1999805058515214,0.8268884690190614,-1.0343234576595066
244,244,,238.2602997,-0.2375593717766222,-0.7572124057188409,0.5075379522063131,-0.7167393309860033,0.0348380316501098,1.2470289235431375,2.158340424270283,0.8268884690190614,-1.4936117093701848
110,110,,28.0838127,-0.2379202904499306,0.4295209612383955,0.6934828824745449,0.7200787092955229,-0.7581072651163008,0.1988334624135255,-0.2379202904499306,2.4089013384962232,-1.423812232415302
91,91,,24.2708206,-0.7169197903226574,0.4295209612383955,0.2386647594732536,-0.2379202904499306,-1.153983340567866,-0.0034334854567052,-0.2379202904499306,1.2212731121415266,-1.269711417983012
83,83,,71.8339081,0.2410179720017625,-0.362349280956697,0.1863492504332827,0.2410179720017625,-0.7582084862236964,-0.1538081430321761,-0.2379611153972864,-0.362349280956697,-1.4331541788444973
129,129,stairs_down,31.896801,-0.7169197903226574,0.4295209612383955,0.8091923730891688,-0.7169197903226574,-1.153983340567866,0.2085626719877461,-0.2379202904499306,2.013025263044658,-1.266812126771758
52,52,,65.5755386,-0.7169402027963354,0.0335099243103023,0.4700148046459877,0.2410179720017625,-1.5499268967576956,-0.4693762010222465,-0.7169402027963354,-0.362349280956697,-1.3780301608782055
89,89,,73.0452118,-0.7169402027963354,0.4293691295773021,1.296204398122758,-0.7169402027963354,0.0335099243103023,0.1460672315926416,0.2410179720017625,1.2210875401113008,-0.913709210114764
8,8,,56.692688,-0.7169402027963354,1.2210875401113008,0.8085393524170882,-0.2379611153972864,-0.362349280956697,0.2672130542222387,-0.7169402027963354,0.8252283348443011,-1.239482198411342
13,13,,57.7021065,0.2410179720017625,-0.7582084862236964,0.3984492576288341,-0.7169402027963354,-1.5499268967576956,-0.1771530920457163,0.2410179720017625,1.2210875401113008,-1.252605620017258
59,59,,66.9887238,-0.2379611153972864,-1.1540676914906962,0.0323373288106345,0.2410179720017625,-1.1540676914906962,-0.1095062837406528,-0.2379611153972864,0.4293691295773021,-1.3336613939499269
250,250,,239.4504852,-0.2375593717766222,-0.7572124057188409,0.9002117450440495,-0.2375593717766222,-0.3611871870343657,1.0505747523731843,5.033420179526569,1.6189389063880115,-1.46558999145274
131,131,,32.2981644,0.7200787092955229,-0.362231189664735,0.7955507939969734,0.7200787092955229,-0.362231189664735,0.3373924885825405,0.241079209422796,2.804777413947788,-1.3854490919242328
17,17,,58.5096397,-0.2379611153972864,-0.7582084862236964,0.1948594127121484,0.2410179720017625,-0.362349280956697,-0.2017154377401431,-0.2379611153972864,0.4293691295773021,-1.0630396866013472
166,166,,39.3220673,-0.7169197903226574,0.0336448857868302,0.5455800299930854,-0.7169197903226574,-0.362231189664735,-0.3900073090524395,-0.2379202904499306,0.4295209612383955,-1.1495472614996054
72,72,,69.6131973,-0.7169402027963354,-0.362349280956697,0.7586324315177405,-0.7169402027963354,-0.362349280956697,-0.0551402857301332,-0.7169402027963354,0.0335099243103023,-1.1748439122747212
267,267,,242.8250427,-0.2375593717766222,0.0348380316501098,0.5369352044877165,-0.7167393309860033,-1.153237624403316,0.8513590133962393,-0.2375593717766222,-0.7572124057188409,-1.4093384671574396
134,134,,32.9002151,0.7200787092955229,-1.153983340567866,0.704356147204276,0.7200787092955229,-0.362231189664735,0.5546606536182102,-0.2379202904499306,0.8253970366899613,-1.421994191615915
237,237,,236.8717346,-0.2375593717766222,-0.7572124057188409,1.501376441588962,-0.7167393309860033,-1.153237624403316,0.9861337699010434,4.075060261107807,1.2229136877035365,-1.2262269402585315
228,228,,235.0852814,-0.2375593717766222,-0.3611871870343657,1.3016541725299668,-0.2375593717766222,0.4308632503345859,1.6950829375712573,-0.7167393309860033,0.0348380316501098,-1.1231034925700458
260,260,,241.4348145,-0.2375593717766222,-0.3611871870343657,0.5845603756719112,0.7208005466421399,-0.3611871870343657,1.070717250659445,0.7208005466421399,0.0348380316501098,-1.2042645562417011
63,63,,67.796257,0.2410179720017625,-1.1540676914906962,0.6159370298949695,0.2410179720017625,-1.1540676914906962,-0.0258753985327908,-0.7169402027963354,-0.362349280956697,-1.2865803483639973
54,54,,65.9793091,-0.7169402027963354,0.4293691295773021,0.7745806860446298,0.7199970594008113,0.4293691295773021,0.4532910669837994,-0.2379611153972864,0.8252283348443011,-1.2804740664200578
107,107,,27.4817638,-0.7169197903226574,1.617149187593092,0.5602081069619462,0.7200787092955229,0.0336448857868302,0.6457702425294114,-0.7169197903226574,2.013025263044658,-1.2150801358099923
50,50,,65.1717758,-0.7169402027963354,0.0335099243103023,0.4805172739225458,0.7199970594008113,-1.1540676914906962,-0.2962710033820928,-0.7169402027963354,1.2210875401113008,-1.2977835624490024
240,240,,237.4668427,-0.2375593717766222,-1.5492628430877915,0.894560518042489,-0.2375593717766222,-0.3611871870343657,1.15766408184795,4.075060261107807,0.8268884690190614,-1.5315865053854034
174,174,,40.9275284,-0.7169197903226574,-0.362231189664735,0.4636559751241396,-0.7169197903226574,-0.7581072651163008,-0.2820646895967644,-0.7169197903226574,0.8253970366899613,-1.2489042420834162
241,241,,237.6652069,0.2416205874327588,-0.7572124057188409,1.6690062296312296,-0.2375593717766222,-0.3611871870343657,1.337574712043336,-0.2375593717766222,0.8268884690190614,-1.529228824901646
189,189,walking,227.3431091,-0.2375593717766222,-0.7572124057188409,1.3322350536224263,-0.7167393309860033,0.4308632503345859,1.5613681227009375,2.158340424270283,0.4308632503345859,-1.0996589774528556
14,14,,57.9039879,0.2410179720017625,-1.1540676914906962,0.525521265401387,-0.7169402027963354,-1.5499268967576956,-0.3664390712685491,0.2410179720017625,0.8252283348443011,-1.04157422609337
207,207,,230.9160614,-0.2375593717766222,-1.5492628430877915,1.0987668132207349,-0.2375593717766222,-1.153237624403316,0.976372306992304,2.6375203834796643,0.0348380316501098,-1.2170327484087862
187,187,,226.9463806,-0.2375593717766222,-0.7572124057188409,1.649742639016146,-0.7167393309860033,-0.7572124057188409,1.061354042189566,-0.7167393309860033,0.4308632503345859,-1.3382832664328896
219,219,,233.2976379,0.7208005466421399,-0.7572124057188409,1.6198913046794414,0.7208005466421399,-1.153237624403316,0.8728082672740349,1.1999805058515214,0.4308632503345859,-1.2021726689551129
169,169,,39.924118,-0.7169197903226574,-0.362231189664735,0.2627243525419033,0.241079209422796,-1.153983340567866,-0.5614279172784085,-0.2379202904499306,0.0336448857868302,-1.4283311157075749
58,58,,66.7868423,-0.7169402027963354,-0.362349280956697,0.9312961739798828,-0.7169402027963354,-1.1540676914906962,0.0937330177356582,0.7199970594008113,1.6169467453783006,-1.0083140286722554
218,218,,233.0992737,-0.2375593717766222,-1.153237624403316,1.473543036248116,-0.2375593717766222,-0.3611871870343657,1.4803356972896986,1.1999805058515214,0.4308632503345859,-1.2554418764641473
48,48,,64.768013,-0.7169402027963354,-0.7582084862236964,0.5991454619636896,-0.2379611153972864,-1.1540676914906962,-0.1622780771215968,-0.2379611153972864,0.8252283348443011,-1.3104952250032162
88,88,,72.8433304,-0.7169402027963354,-0.362349280956697,0.5682386204191663,-0.2379611153972864,-1.5499268967576956,-0.2239205628976562,0.7199970594008113,0.8252283348443011,-1.301997059614276
235,235,,236.4750214,0.7208005466421399,-0.7572124057188409,1.455976721419722,-0.2375593717766222,-1.5492628430877915,0.3483759987385746,4.075060261107807,1.2229136877035365,-1.4138987369331577
252,252,,239.8472137,0.7208005466421399,-0.7572124057188409,1.6976642726780071,-0.2375593717766222,-0.3611871870343657,1.2060235360732805,6.950140016364094,2.0149641250724875,-1.491131610510667
21,21,,59.3171692,0.7199970594008113,0.0335099243103023,0.8455155854895703,-0.7169402027963354,-0.7582084862236964,0.0284542196556642,-0.2379611153972864,0.4293691295773021,-1.2249538758063363
57,57,,66.5849609,-0.7169402027963354,2.0128059506452995,0.8688483722984373,-0.7169402027963354,-0.7582084862236964,0.095452227304766,0.7199970594008113,2.4086651559123,-0.979928452622118
203,203,,230.1225891,-0.7167393309860033,-0.7572124057188409,2.259885403674669,-0.7167393309860033,-0.3611871870343657,1.694528795917346,0.7208005466421399,0.8268884690190614,-1.4954607099664223
160,160,,38.1179695,-0.7169197903226574,0.0336448857868302,0.7395316889483247,-0.2379202904499306,-0.7581072651163008,-0.2254076991538595,-0.7169197903226574,1.2212731121415266,-0.938110471245187
191,191,,227.7398376,0.7208005466421399,-0.3611871870343657,1.7191852497028903,-0.2375593717766222,-0.7572124057188409,0.5235546210007311,2.158340424270283,0.4308632503345859,-1.2033435639644003
257,257,,240.839035,-0.2375593717766222,-1.153237624403316,1.2299978436107442,-0.2375593717766222,0.0348380316501098,1.167997335123602,-0.2375593717766222,1.2229136877035365,-1.4556109669584074
149,149,,35.9104576,-0.7169197903226574,0.8253970366899613,0.8370446314927057,-0.7169197903226574,-1.153983340567866,0.3640283902049964,-0.7169197903226574,-0.362231189664735,-0.9705350161322236
130,130,,32.0974808,-0.7169197903226574,0.4295209612383955,0.7824152957979513,0.7200787092955229,0.8253970366899613,0.7650930473149464,0.241079209422796,2.4089013384962232,-1.3717689693719677
151,151,stairs_down,36.3118248,0.7200787092955229,0.4295209612383955,0.9747040589730868,0.7200787092955229,-0.362231189664735,0.3292375912870405,-0.2379202904499306,0.0336448857868302,-1.1154690601171338
99,99,,25.8762932,-0.7169197903226574,-0.7581072651163008,0.6271811043624786,0.7200787092955229,0.0336448857868302,0.549114772745256,2.6360767087864305,0.8253970366899613,-1.2988679874504094
87,87,,72.6414413,0.2410179720017625,0.0335099243103023,0.0958703038988065,0.2410179720017625,-1.1540676914906962,-0.3186846341977105,-0.7169402027963354,0.0335099243103023,-1.3687592968872544
214,214,,232.3058014,0.2416205874327588,-0.3611871870343657,1.4058168825986608,-0.2375593717766222,-0.7572124057188409,1.1763945256195003,2.158340424270283,1.2229136877035365,-0.857549122583003
121,121,,30.2913322,-0.7169197903226574,1.617149187593092,0.6165653116309587,-0.7169197903226574,-0.7581072651163008,0.3782912299446042,-0.2379202904499306,0.4295209612383955,-1.466232580152826
272,272,,243.8180237,-0.2375593717766222,-1.5492628430877915,0.1381306945628529,0.7208005466421399,0.0348380316501098,1.088552624747844,1.679160465060902,0.0348380316501098,-1.5778618211145006
20,20,,59.115284,-0.7169402027963354,-1.5499268967576956,0.0821642269972605,-0.7169402027963354,-1.5499268967576956,-0.3953961232824335,-0.7169402027963354,-0.7582084862236964,-1.284597226661979
188,188,,227.1447449,-0.2375593717766222,-0.7572124057188409,0.9993592156214692,0.7208005466421399,-0.7572124057188409,0.9181286404817104,2.158340424270283,0.8268884690190614,-1.091805199375923
71,71,,69.4113235,-0.7169402027963354,1.6169467453783006,0.8233373826621392,-0.2379611153972864,0.0335099243103023,0.2414954214265138,-0.7169402027963354,0.4293691295773021,-1.2578611211460884
106,106,,27.2810802,-0.2379202904499306,0.0336448857868302,0.3517788151953737,-0.7169197903226574,-1.153983340567866,0.129839531810682,-0.2379202904499306,1.617149187593092,-1.3479586248875264
270,270,,243.4201355,-0.7167393309860033,-0.7572124057188409,0.8299342356690749,-0.7167393309860033,-1.153237624403316,0.8820121394197157,-0.2375593717766222,0.4308632503345859,-1.4137860173701784
102,102,,26.4783459,-0.7169197903226574,-0.362231189664735,0.6700955011551702,0.7200787092955229,0.0336448857868302,0.4504071423354859,0.7200787092955229,1.2212731121415266,-1.170707526872229
