ID,label,time,acc_x_min,acc_x_max,acc_x_avg,acc_x_std,acc_x_AUC,acc_x_pk,acc_x_cn,acc_x_pw,acc_y_min,acc_y_max,acc_y_avg,acc_y_std,acc_y_AUC,acc_y_pk,acc_y_cn,acc_y_pw,acc_z_min,acc_z_max,acc_z_avg,acc_z_std,acc_z_AUC,acc_z_pk,acc_z_cn,acc_z_pw
0,stairs_up,55.0776253,1.148976824,0.813709305,1.068937982,-0.39320267,1.068937982,-0.237961115,0.033509924,0.053501799,-1.049162831,-1.262126349,-1.227588196,-0.318508343,-1.227588196,-0.716940203,-1.945786102,-0.096731038,0.553373139,-0.136047046,0.129499765,-1.332061014,0.129499765,-0.716940203,1.616946745,-1.469865843
1,stairs_up,55.2795067,1.148976824,0.813709305,1.055622327,-0.319052069,1.055622327,-0.716940203,-0.758208486,0.107878595,-1.049162831,-1.302519148,-1.268381102,-0.536529198,-1.268381102,-0.716940203,-1.549926897,0.034641129,0.553373139,-0.136047046,0.138380639,-1.347556757,0.138380639,-0.716940203,1.22108754,-1.473280156
2,stairs_up,55.4813919,1.148976824,0.808440736,1.042632653,-0.409022165,1.042632653,-0.716940203,0.42936913,0.813880116,-1.219544191,-1.302519148,-1.290027966,-0.406196721,-1.290027966,-0.237961115,0.825228335,0.908354377,0.553373139,-0.136047046,0.151709022,-1.360049578,0.151709022,-0.716940203,3.200383566,-1.230887658
3,stairs_up,55.6832771,1.148976824,0.780341264,1.046915639,-0.407549635,1.046915639,-0.716940203,0.033509924,0.16153338,-1.219544191,-1.302519148,-1.276961922,-0.34344308,-1.276961922,-0.237961115,-1.154067691,0.146762638,0.57787002,0.115441668,0.180674982,-1.126906433,0.180674982,-0.237961115,0.42936913,-1.31110622
4,stairs_up,55.8851585,1.297420565,0.780341264,1.069017885,-0.5711758,1.069017885,0.241017972,-0.362349281,0.209963753,-1.219544191,-1.288820753,-1.257625431,-0.215608574,-1.257625431,-0.237961115,-1.549926897,0.004384701,0.57787002,0.115441668,0.190507395,-1.149675188,0.190507395,-0.237961115,0.42936913,-1.447313362
5,stairs_up,56.0870438,1.29778637,0.772262851,1.073006239,-0.626063767,1.073006239,-0.237961115,1.22108754,0.785466283,-1.219544191,-1.288820753,-1.227735273,-0.237543751,-1.227735273,-0.716940203,0.42936913,0.681963247,0.57787002,0.115441668,0.19075795,-1.15476754,0.19075795,-0.237961115,0.825228335,-1.269423798
6,stairs_up,56.2889252,1.29778637,0.772262851,1.074553875,-0.633123402,1.074553875,-0.237961115,-1.154067691,0.111753236,-1.219544191,-1.288820753,-1.216431829,-0.296755,-1.216431829,-0.716940203,-1.154067691,0.08393206,0.57787002,0.115441668,0.182910876,-1.184524388,0.182910876,-0.716940203,0.825228335,-1.265861007
7,stairs_up,56.4908066,1.159579981,0.772262851,1.059874906,-0.477866987,1.059874906,-0.716940203,0.033509924,0.006810837,-1.219544191,-1.288820753,-1.236498058,-0.372888373,-1.236498058,-0.716940203,-1.549926897,-0.091509812,0.538748111,0.115441668,0.177230633,-1.13812667,0.177230633,-0.716940203,1.22108754,-1.273670996
8,stairs_up,56.692688,1.159579981,0.772262851,1.052420046,-0.416511877,1.052420046,-0.716940203,1.22108754,0.808539352,-1.219544191,-1.288820753,-1.23605517,-0.418645237,-1.23605517,-0.237961115,-0.362349281,0.267213054,0.538748111,0.115441668,0.20052743,-1.149502439,0.20052743,-0.716940203,0.825228335,-1.239482198
9,stairs_up,56.8945732,1.159579981,1.357781919,1.106664136,0.185666766,1.106664136,0.719997059,-1.154067691,0.703331719,-1.219544191,-1.288820753,-1.236458933,-0.465616745,-1.236458933,-0.237961115,-0.362349281,0.239011649,0.538748111,0.115441668,0.225809566,-1.086480278,0.225809566,-0.237961115,0.42936913,-1.12794149
10,stairs_up,57.0964584,1.159579981,1.357781919,1.107228884,0.227848896,1.107228884,-0.237961115,-0.758208486,0.04265147,-1.219544191,-1.288820753,-1.229309072,-0.434767553,-1.229309072,0.241017972,-0.362349281,0.001367387,0.538748111,0.115441668,0.217464213,-1.011838017,0.217464213,-0.237961115,0.033509924,-1.334615912
11,stairs_up,57.2983398,1.159579981,1.357781919,1.110984364,0.21616753,1.110984364,-0.237961115,-1.154067691,0.342125826,-1.219544191,-1.14902666,-1.176420991,-0.14926106,-1.176420991,-0.716940203,-1.549926897,-0.02097504,0.538748111,0.115441668,0.211573722,-0.987233848,0.211573722,-0.237961115,-0.362349281,-1.398436046
12,stairs_up,57.5002251,1.159579981,1.357781919,1.114726644,0.224825577,1.114726644,0.719997059,0.033509924,0.767087356,-1.039656631,-1.14902666,-1.133600084,-0.467213294,-1.133600084,-0.716940203,0.825228335,0.595843876,0.538748111,0.115441668,0.20581334,-1.005439364,0.20581334,0.719997059,1.616946745,-0.902473293
13,stairs_up,57.7021065,1.159579981,1.357781919,1.136172924,0.297946784,1.136172924,0.241017972,-0.758208486,0.398449258,-0.969456555,-1.14902666,-1.123087192,-0.481453489,-1.123087192,-0.716940203,-1.549926897,-0.177153092,0.538748111,0.052569526,0.208731598,-1.066237737,0.208731598,0.241017972,1.22108754,-1.25260562
14,stairs_up,57.9039879,1.159579981,1.357781919,1.125634812,0.361446797,1.125634812,0.241017972,-1.154067691,0.525521265,-0.969456555,-1.14902666,-1.124846963,-0.49521576,-1.124846963,-0.716940203,-1.549926897,-0.366439071,0.538748111,0.052569526,0.229985544,-1.036747164,0.229985544,0.241017972,0.825228335,-1.041574226
15,stairs_up,58.1058693,1.159579981,1.357781919,1.154280688,0.529311479,1.154280688,0.719997059,0.42936913,1.176564171,-0.969456555,-1.14902666,-1.113494726,-0.456668359,-1.113494726,-0.716940203,1.22108754,0.457563761,0.538748111,0.052569526,0.262030984,-0.906111905,0.262030984,-0.237961115,0.42936913,-1.106883575
16,stairs_up,58.3077545,1.159579981,1.357781919,1.162596579,0.528623404,1.162596579,-0.237961115,-1.549926897,0.404388081,-0.859768918,-1.14902666,-1.115233518,-0.455724225,-1.115233518,-0.237961115,-0.362349281,-0.062542423,0.426866712,0.052569526,0.268371434,-0.868691759,0.268371434,-0.237961115,-0.362349281,-1.434715272
17,stairs_up,58.5096397,1.092304819,1.357781919,1.157958621,0.575868267,1.157958621,-0.237961115,-0.758208486,0.194859413,-0.859768918,-1.14902666,-1.096709737,-0.46731273,-1.096709737,0.241017972,-0.362349281,-0.201715438,0.405294745,0.052569526,0.255356068,-0.764830302,0.255356068,-0.237961115,0.42936913,-1.063039687
18,stairs_up,58.7115211,1.092304819,1.357781919,1.175924489,0.568986416,1.175924489,0.719997059,0.033509924,1.104864231,-0.859768918,-1.14902666,-1.087979007,-0.447643047,-1.087979007,-0.237961115,-0.758208486,-0.089007237,0.405294745,0.052569526,0.261764401,-0.744728121,0.261764401,0.719997059,0.825228335,-0.982264252
19,stairs_up,58.9134064,1.092304819,1.01848285,1.160908934,0.357581352,1.160908934,0.719997059,-0.758208486,0.864070691,-0.859768918,-1.14902666,-1.078671507,-0.518924979,-1.078671507,0.719997059,-0.362349281,0.037662631,0.405294745,0.052569526,0.262112301,-0.736189104,0.262112301,-0.716940203,-0.362349281,-1.057204921
20,stairs_up,59.115284,1.092304819,1.01848285,1.1475987,0.422576503,1.1475987,-0.716940203,-1.549926897,0.082164227,-0.859768918,-1.14902666,-1.076787051,-0.515747093,-1.076787051,-0.716940203,-1.549926897,-0.395396123,0.405294745,0.052569526,0.268035791,-0.787727447,0.268035791,-0.716940203,-0.758208486,-1.284597227
21,stairs_up,59.3171692,1.092304819,1.01848285,1.172610012,0.403020101,1.172610012,0.719997059,0.033509924,0.845515585,-0.859768918,-1.200307863,-1.109091058,-0.686225412,-1.109091058,-0.716940203,-0.758208486,0.02845422,0.405294745,0.052569526,0.283843549,-0.854007564,0.283843549,-0.237961115,0.42936913,-1.224953876
22,stairs_up,59.5190506,1.092304819,1.01848285,1.166708206,0.409896148,1.166708206,0.719997059,-1.154067691,0.736630766,-1.062690902,-1.200307863,-1.147610357,-0.363130517,-1.147610357,0.719997059,-0.758208486,0.257194578,0.405294745,0.052569526,0.28614426,-0.817318454,0.28614426,-0.237961115,0.42936913,-0.921142611
23,stairs_up,59.7209358,1.092304819,1.01848285,1.114914972,0.403144672,1.114914972,-0.716940203,0.033509924,0.371666633,-1.062690902,-1.200307863,-1.140231158,-0.351900843,-1.140231158,-0.237961115,-1.549926897,-0.245687921,0.405294745,-0.009248961,0.264891727,-0.847801864,0.264891727,0.241017972,0.825228335,-1.180152592
24,stairs_up,59.922821,1.092304819,1.01848285,1.144289174,0.304736683,1.144289174,0.719997059,0.033509924,0.782436565,-1.062690902,-1.200307863,-1.13297311,-0.305478113,-1.13297311,-0.716940203,-1.549926897,-0.29208121,0.405294745,-0.009248961,0.257713347,-0.877078373,0.257713347,0.719997059,0.825228335,-0.956362036
25,stairs_up,60.1247025,1.092304819,1.01848285,1.137662813,0.218401463,1.137662813,0.719997059,-0.362349281,0.906005236,-1.062690902,-1.284254572,-1.153723591,-0.334501819,-1.153723591,0.719997059,0.033509924,0.275784379,0.405294745,-0.053505259,0.241408018,-0.962696313,0.241408018,-0.237961115,0.033509924,-1.206102686
26,stairs_up,60.3265839,1.092304819,1.01848285,1.133088495,0.185313343,1.133088495,-0.237961115,-1.154067691,0.35475274,-1.062690902,-1.284254572,-1.123168039,-0.401805145,-1.123168039,-0.716940203,-1.549926897,-0.178089822,0.408219812,-0.053505259,0.237800325,-1.043409848,0.237800325,-0.237961115,1.22108754,-1.298871604
27,stairs_up,60.5284653,1.230876861,1.01848285,1.172536707,-0.11743854,1.172536707,-0.237961115,-0.758208486,0.217373594,-1.062690902,-1.284254572,-1.120600746,-0.384630674,-1.120600746,-0.716940203,-1.154067691,-0.090181323,0.602001248,-0.053505259,0.256198947,-1.219981271,0.256198947,-0.237961115,1.616946745,-1.251644362
28,stairs_up,60.7303505,1.230876861,1.01848285,1.148390902,-0.148043294,1.148390902,-0.716940203,0.033509924,0.863892482,-1.062690902,-1.284254572,-1.170233278,-0.192752284,-1.170233278,0.719997059,0.825228335,0.507514596,0.602001248,-0.053505259,0.237781704,-1.243131505,0.237781704,-0.716940203,1.616946745,-1.031282059
29,stairs_up,60.9322319,1.230876861,0.862883051,1.117968759,-0.44726316,1.117968759,-0.716940203,0.033509924,0.476327674,-1.062690902,-1.284254572,-1.152662922,-0.186572748,-1.152662922,-0.237961115,-1.154067691,-0.021748405,0.602001248,-0.022244822,0.235046825,-1.236515032,0.235046825,-0.716940203,0.42936913,-1.277433807
30,stairs_up,61.1341171,1.270730075,0.862883051,1.148316184,-0.66251063,1.148316184,-0.716940203,0.033509924,0.298210848,-1.062690902,-1.121278601,-1.118364145,0.022874437,-1.118364145,-0.237961115,-1.549926897,-0.353746261,0.602001248,-0.022244822,0.255190602,-1.273681266,0.255190602,0.241017972,0.825228335,-1.257038033
31,stairs_up,61.3360023,1.324477013,1.174082648,1.184222936,-0.538544442,1.184222936,-0.716940203,2.408665156,1.334660474,-1.062690902,-1.121278601,-1.116518815,0.069187523,-1.116518815,0.719997059,0.42936913,0.569472398,0.602001248,-0.022244822,0.261987141,-1.257453648,0.261987141,-0.237961115,1.22108754,-1.192848237
32,stairs_up,61.5378838,1.324477013,1.193401026,1.197390334,-0.287617462,1.197390334,-0.237961115,-1.549926897,0.217374452,-1.051356592,-1.121278601,-1.099845079,-0.116521229,-1.099845079,-0.716940203,-1.154067691,0.033219138,0.372754122,-0.022244822,0.255018067,-1.147151332,0.255018067,-0.237961115,0.42936913,-1.373864786
33,stairs_up,61.7397652,1.009307825,1.193401026,1.170415132,0.035963589,1.170415132,-0.237961115,-1.154067691,0.04261149,-1.051356592,-1.121278601,-1.117090398,-0.144453887,-1.117090398,0.241017972,-1.549926897,-0.250377624,0.372754122,-0.022244822,0.251111737,-1.093131333,0.251111737,-0.716940203,0.825228335,-1.257480363
34,stairs_up,61.9416466,1.009307825,1.193401026,1.162569236,0.11134092,1.162569236,-0.716940203,0.42936913,0.939919239,-1.051356592,-1.121278601,-1.145279006,-0.217905841,-1.145279006,-0.237961115,-0.362349281,0.185172042,0.372754122,-0.022244822,0.246193527,-1.098868101,0.246193527,-0.716940203,0.825228335,-1.137916389
35,stairs_up,62.1435318,1.009307825,1.193401026,1.172398821,0.191633113,1.172398821,-0.716940203,-0.758208486,0.683786659,-1.197972377,-1.121278601,-1.165916349,0.01823493,-1.165916349,-0.237961115,-1.549926897,-0.051809915,0.372754122,0.022362744,0.26516656,-0.958818422,0.26516656,0.241017972,0.033509924,-1.191903887
36,stairs_up,62.3454132,1.009307825,1.193401026,1.164108622,0.208241132,1.164108622,0.241017972,0.033509924,0.490349689,-1.197972377,-1.121278601,-1.158632372,0.051949785,-1.158632372,-0.237961115,-1.945786102,-0.331932241,0.372754122,0.022362744,0.26120366,-0.948958774,0.26120366,-0.237961115,0.42936913,-1.13791915
37,stairs_up,62.5472984,1.009307825,1.193401026,1.173324431,0.195958845,1.173324431,-0.237961115,-0.362349281,0.672953391,-1.197972377,-1.074563579,-1.12232233,0.296623932,-1.12232233,-0.716940203,-1.549926897,0.041827,0.372754122,0.022362744,0.2580134,-0.935032249,0.2580134,-0.237961115,-0.362349281,-1.350677756
38,stairs_up,62.7491837,1.009307825,1.193401026,1.207301706,0.236484288,1.207301706,-0.237961115,-0.758208486,0.816008638,-1.197972377,-1.074563579,-1.115451072,0.261507905,-1.115451072,0.719997059,0.033509924,0.585979314,0.372754122,0.022362744,0.262865141,-0.951749671,0.262865141,-0.237961115,0.42936913,-1.052674741
39,stairs_up,62.9510612,1.009307825,1.193401026,1.167678368,0.300923617,1.167678368,0.241017972,0.033509924,0.319746939,-1.197972377,-1.074563579,-1.111941197,0.215776698,-1.111941197,-0.716940203,-1.549926897,-0.165906487,0.372754122,0.022362744,0.231365829,-0.947494336,0.231365829,0.241017972,1.22108754,-1.135441654
40,stairs_up,63.1529465,1.009307825,1.193401026,1.154004914,0.342832048,1.154004914,0.241017972,-0.362349281,0.7006862,-1.197972377,-1.074563579,-1.130929552,0.075923766,-1.130929552,-0.237961115,-1.549926897,-0.234520229,0.372754122,0.022362744,0.23321611,-0.936988105,0.23321611,0.719997059,1.22108754,-1.053314116
41,stairs_up,63.3548279,1.009307825,1.193401026,1.143354606,0.241553894,1.143354606,0.719997059,0.825228335,1.33887818,-1.197972377,-1.074563579,-1.165904328,0.199873597,-1.165904328,0.719997059,1.22108754,0.749373018,0.372754122,0.022362744,0.232968856,-0.925981771,0.232968856,-0.237961115,0.42936913,-1.095080324
42,stairs_up,63.5567131,1.009307825,1.020941574,1.155029284,0.124105716,1.155029284,-0.237961115,-1.154067691,0.384056619,-1.197972377,-1.074563579,-1.135082901,0.185094616,-1.135082901,-0.237961115,-1.154067691,0.016600623,0.429791779,0.022362744,0.248659704,-1.073395039,0.248659704,-0.237961115,-0.362349281,-1.42088831
43,stairs_up,63.7585945,1.173108052,1.020941574,1.18870415,-0.235529321,1.18870415,-0.237961115,-1.549926897,0.023245245,-1.197972377,-1.074563579,-1.092774886,0.358305605,-1.092774886,0.241017972,-1.549926897,-0.164274994,0.529241758,0.022362744,0.251734705,-1.112579693,0.251734705,-0.237961115,0.42936913,-1.349326231
44,stairs_up,63.9604797,1.330692646,1.020941574,1.194897286,-0.308208929,1.194897286,-0.237961115,0.825228335,0.908078513,-1.197972377,-1.074563579,-1.064730058,0.386013271,-1.064730058,0.719997059,0.033509924,0.336763638,0.529241758,0.022362744,0.243764122,-1.104901879,0.243764122,-0.237961115,0.42936913,-1.149607296
45,stairs_up,64.1623611,1.330692646,0.923296469,1.176967481,-0.469025523,1.176967481,-0.716940203,-0.362349281,0.624324192,-1.029053474,-1.074563579,-1.02814495,0.069541766,-1.02814495,-0.716940203,-1.549926897,-0.264185253,0.529241758,-0.147637985,0.22412923,-1.327421647,0.22412923,-0.716940203,0.825228335,-1.329536935
46,stairs_up,64.3642426,1.330692646,0.923296469,1.172051627,-0.466414003,1.172051627,0.241017972,1.22108754,0.253074544,-1.029053474,-1.074563579,-1.023553662,0.088249735,-1.023553662,-0.716940203,-1.945786102,-0.519476884,0.529241758,-0.147637985,0.243411507,-1.310976046,0.243411507,0.241017972,1.22108754,-1.261004648
47,stairs_up,64.566124,1.330692646,0.923296469,1.183898136,-0.471224379,1.183898136,-0.716940203,0.825228335,0.99831483,-1.029053474,-1.093530543,-1.055319085,-0.056875838,-1.055319085,0.719997059,0.033509924,0.08503864,0.529241758,-0.147637985,0.257778638,-1.337084596,0.257778638,-0.237961115,0.42936913,-1.234666417
48,stairs_up,64.768013,1.330692646,0.923296469,1.194322403,-0.43926844,1.194322403,-0.716940203,-0.758208486,0.599145462,-1.029053474,-1.093530543,-1.030453203,-0.197829214,-1.030453203,-0.237961115,-1.154067691,-0.162278077,0.529241758,-0.097410437,0.273225768,-1.266316405,0.273225768,-0.237961115,0.825228335,-1.310495225
49,stairs_up,64.9698944,1.372008317,0.923296469,1.220331921,-0.5610314,1.220331921,-0.237961115,0.42936913,0.110708132,-1.029053474,-1.093530543,-0.988053499,-0.05871564,-0.988053499,-0.237961115,-1.549926897,-0.47355578,0.663791928,-0.097410437,0.28760775,-1.407951638,0.28760775,-0.237961115,0.42936913,-1.354126193
50,stairs_up,65.1717758,1.399795764,0.923296469,1.21784901,-0.551111663,1.21784901,-0.716940203,0.033509924,0.480517274,-1.029053474,-1.093530543,-0.972641961,-0.000969099,-0.972641961,0.719997059,-1.154067691,-0.296271003,0.61516382,-0.097410437,0.258407261,-1.275862884,0.258407261,-0.716940203,1.22108754,-1.297783562
51,stairs_up,65.3736649,1.399795764,0.966499259,1.220833501,-0.507053461,1.220833501,-0.716940203,0.42936913,0.949903545,-0.868909465,-1.093530543,-0.942834536,-0.332401538,-0.942834536,0.719997059,1.22108754,0.401168849,0.597979377,-0.097410437,0.242604925,-1.263081778,0.242604925,-0.716940203,2.408665156,-1.244208827
52,stairs_up,65.5755386,1.399795764,0.966499259,1.210144302,-0.55253464,1.210144302,-0.716940203,0.033509924,0.470014805,-0.843315627,-1.093530543,-0.941344411,-0.286913034,-0.941344411,0.241017972,-1.549926897,-0.469376201,0.597979377,0.03430495,0.253609968,-1.13272168,0.253609968,-0.716940203,-0.362349281,-1.378030161
53,stairs_up,65.7774277,1.399795764,0.966499259,1.224335363,-0.63656055,1.224335363,-0.716940203,0.033509924,0.502236747,-0.843315627,-1.097394189,-0.950171309,-0.337394643,-0.950171309,-0.237961115,-1.549926897,-0.464274637,0.597979377,0.03430495,0.267577108,-1.140908626,0.267577108,-0.237961115,0.42936913,-1.29352845
54,stairs_up,65.9793091,1.399795764,0.966499259,1.243874086,-0.618444649,1.243874086,-0.716940203,0.42936913,0.774580686,-1.041119088,-1.097394189,-1.013862199,0.129581275,-1.013862199,0.719997059,0.42936913,0.453291067,0.597979377,0.03430495,0.270224541,-1.152409396,0.270224541,-0.237961115,0.825228335,-1.280474066
55,stairs_up,66.1811905,1.399795764,0.966499259,1.213795836,-0.604076075,1.213795836,-0.716940203,-1.154067691,0.340823917,-1.041119088,-1.097394189,-1.023929374,0.174930427,-1.023929374,0.241017972,-1.154067691,-0.12044251,0.496335482,0.03430495,0.250721173,-1.030633489,0.250721173,-0.237961115,0.033509924,-1.253113342
56,stairs_up,66.3830719,1.367255141,0.966499259,1.21142677,-0.568243314,1.21142677,-0.716940203,0.033509924,0.448986433,-1.041119088,-1.075617234,-1.008254083,0.259831111,-1.008254083,0.241017972,-1.549926897,-0.41985291,0.496335482,0.03430495,0.217418956,-0.956283005,0.217418956,-0.237961115,0.825228335,-1.181516524
57,stairs_up,66.5849609,1.367255141,0.966499259,1.193639093,-0.561883796,1.193639093,-0.716940203,2.012805951,0.868848372,-1.041119088,-1.075617234,-0.987207322,0.276594747,-0.987207322,-0.716940203,-0.758208486,0.095452227,0.496335482,0.03430495,0.207940336,-0.954750258,0.207940336,0.719997059,2.408665156,-0.979928453
58,stairs_up,66.7868423,1.367255141,1.236603669,1.22499604,-0.121954252,1.22499604,-0.716940203,-0.362349281,0.931296174,-1.041119088,-1.075617234,-0.987521046,0.248021075,-0.987521046,-0.716940203,-1.154067691,0.093733018,0.496335482,0.03430495,0.204800516,-0.964592149,0.204800516,0.719997059,1.616946745,-1.008314029
59,stairs_up,66.9887238,1.101445519,1.236603669,1.198705326,0.051926981,1.198705326,-0.237961115,-1.154067691,0.032337329,-1.041119088,-1.075617234,-1.041395551,0.152426791,-1.041395551,0.241017972,-1.154067691,-0.109506284,0.387013498,0.03430495,0.18379406,-0.815863716,0.18379406,-0.237961115,0.42936913,-1.333661394
60,stairs_up,67.1906052,1.001629735,1.236603669,1.178696843,0.260596822,1.178696843,-0.237961115,-0.362349281,0.641714416,-1.041119088,-1.075617234,-1.081509863,0.059626249,-1.081509863,0.241017972,-1.549926897,-0.159099207,0.387013498,0.03430495,0.206933877,-0.834229229,0.206933877,-0.237961115,0.42936913,-1.209015185
61,stairs_up,67.3924866,1.001629735,1.236603669,1.156575033,0.14262478,1.156575033,-0.716940203,0.033509924,1.052104501,-1.041119088,-1.075617234,-1.073311354,0.027184073,-1.073311354,-0.237961115,0.825228335,0.527489061,0.387013498,0.03430495,0.226624631,-0.790497085,0.226624631,0.719997059,0.42936913,-1.124659859
62,stairs_up,67.5943756,1.001629735,1.236603669,1.17550729,0.209667539,1.17550729,0.241017972,0.033509924,0.668528237,-1.041119088,-1.075617234,-1.126874965,0.190003169,-1.126874965,-0.237961115,-1.154067691,-0.163085465,0.387013498,-0.077038404,0.219057338,-0.893685232,0.219057338,0.241017972,0.42936913,-1.276201089
63,stairs_up,67.796257,1.001629735,1.236603669,1.172797866,0.212721671,1.172797866,0.241017972,-1.154067691,0.61593703,-1.041119088,-1.075617234,-1.160656369,0.055917022,-1.160656369,0.241017972,-1.154067691,-0.025875399,0.387013498,-0.077038404,0.197993371,-0.888668298,0.197993371,-0.716940203,-0.362349281,-1.286580348
64,stairs_up,67.9981384,1.001629735,1.236603669,1.117922561,0.265277539,1.117922561,-0.237961115,0.033509924,0.494460184,-1.020278426,-1.075617234,-1.084881852,-0.148781537,-1.084881852,-0.716940203,-1.154067691,0.176391012,0.387013498,-0.077038404,0.173651461,-0.798838927,0.173651461,-0.716940203,0.42936913,-1.237794232
65,stairs_up,68.2000198,1.001629735,1.236603669,1.147900873,0.330614096,1.147900873,-0.237961115,-0.362349281,0.958907457,-1.020278426,-1.075617234,-1.070495626,-0.151683602,-1.070495626,-0.716940203,-0.758208486,-0.053974457,0.387013498,-0.077038404,0.19035631,-0.851869724,0.19035631,-0.716940203,0.42936913,-1.257527015
66,stairs_up,68.4019012,1.001629735,1.236603669,1.177916426,0.356278322,1.177916426,0.241017972,0.825228335,0.451496969,-1.020278426,-1.145163013,-1.102804112,-0.330628855,-1.102804112,-0.716940203,-1.549926897,-0.464801003,0.387013498,-0.077038404,0.224487971,-0.853376575,0.224487971,0.241017972,0.42936913,-1.295100773
67,stairs_up,68.6037903,1.001629735,1.236603669,1.16296192,0.38072925,1.16296192,0.241017972,-0.758208486,1.01343353,-1.020278426,-1.212601336,-1.11467254,-0.418886206,-1.11467254,-0.716940203,-1.549926897,-0.431020671,0.387013498,-0.077038404,0.239763273,-0.808401174,0.239763273,-0.237961115,0.825228335,-0.878990779
68,stairs_up,68.8056717,1.001629735,0.90362697,1.117630052,-0.099140276,1.117630052,-0.716940203,0.42936913,0.729573292,-1.020278426,-1.212601336,-1.1097548,-0.464506998,-1.1097548,-0.716940203,0.42936913,0.335695088,0.387013498,-0.077038404,0.229868398,-0.858660784,0.229868398,-0.237961115,0.825228335,-1.218273678
69,stairs_up,69.0075531,1.001629735,0.90362697,1.161526244,-0.229962004,1.161526244,-0.237961115,-1.549926897,0.061983485,-1.020278426,-1.212601336,-1.124048392,-0.31562308,-1.124048392,-0.237961115,-1.154067691,0.03573558,0.521198016,-0.077038404,0.255105514,-1.057363674,0.255105514,-0.237961115,0.033509924,-1.3308094
70,stairs_up,69.2094345,1.170182985,0.90362697,1.176467552,-0.438163533,1.176467552,0.241017972,0.825228335,0.299169389,-1.020278426,-1.125142248,-1.097936104,-0.225296291,-1.097936104,-0.237961115,-1.154067691,-0.362655844,0.521198016,-0.077038404,0.241377848,-1.028410256,0.241377848,-0.237961115,0.42936913,-1.172719944
71,stairs_up,69.4113235,1.170182985,0.90362697,1.162481319,-0.457710415,1.162481319,-0.716940203,1.616946745,0.823337383,-1.020278426,-1.099852913,-1.047088752,-0.094841968,-1.047088752,-0.237961115,0.033509924,0.241495421,0.521198016,-0.083360774,0.23650678,-1.086377868,0.23650678,-0.716940203,0.42936913,-1.257861121
72,stairs_up,69.6131973,1.170182985,0.90362697,1.168615529,-0.413234369,1.168615529,-0.716940203,-0.362349281,0.758632432,-0.894137651,-1.099852913,-1.005978117,-0.440688623,-1.005978117,-0.716940203,-0.362349281,-0.055140286,0.521198016,-0.083360774,0.237998553,-1.092969925,0.237998553,-0.716940203,0.033509924,-1.174843912
73,stairs_up,69.8150787,1.170182985,0.90362697,1.182909123,-0.447203637,1.182909123,-0.237961115,0.42936913,0.091668101,-0.894137651,-1.099852913,-0.99378536,-0.460423558,-0.99378536,0.241017972,-0.362349281,-0.231119399,0.521198016,-0.025757348,0.258278804,-1.060107395,0.258278804,-0.237961115,-0.362349281,-1.4262406
74,stairs_up,70.0169678,1.348608241,0.90362697,1.18849697,-0.530801279,1.18849697,-0.237961115,-0.758208486,0.398547901,-0.894137651,-1.099852913,-1.023113834,-0.506866036,-1.023113834,0.241017972,-1.154067691,-0.304301635,0.627229434,-0.025757348,0.28316142,-1.296595123,0.28316142,-0.237961115,-0.362349281,-1.407103942
75,stairs_up,70.2188492,1.348608241,0.844969742,1.178460437,-0.610176465,1.178460437,-0.716940203,0.42936913,0.946342989,-0.964337727,-1.099852913,-1.055180254,-0.34796159,-1.055180254,-0.237961115,0.42936913,0.400893997,0.627229434,-0.025757348,0.280281111,-1.298641575,0.280281111,-0.237961115,0.825228335,-1.146813913
76,stairs_up,70.4207306,1.348608241,0.817572951,1.165291628,-0.675982401,1.165291628,-0.716940203,0.033509924,0.193610319,-0.977134646,-1.099852913,-1.081186711,-0.271488511,-1.081186711,-0.237961115,-1.154067691,-0.186462966,0.588473177,-0.016976253,0.275686758,-1.184269788,0.275686758,0.241017972,-0.362349281,-1.411512691
77,stairs_up,70.622612,1.287914518,0.817572951,1.157897107,-0.612533059,1.157897107,-0.716940203,0.033509924,0.380900297,-0.977134646,-1.099852913,-1.082333177,-0.271363346,-1.082333177,-0.237961115,-1.549926897,-0.402816873,0.588473177,-0.016976253,0.245093257,-1.188118853,0.245093257,-0.716940203,0.42936913,-1.266585589
78,stairs_up,70.824501,1.287914518,0.817572951,1.134117824,-0.676911627,1.134117824,-0.716940203,0.825228335,0.674596744,-0.977134646,-1.099852913,-1.062668586,-0.345193715,-1.062668586,-0.716940203,0.033509924,0.293157726,0.588473177,-0.016976253,0.234152091,-1.169146867,0.234152091,-0.716940203,0.42936913,-1.377088604
79,stairs_up,71.0263824,1.287914518,0.958069432,1.159502491,-0.480202289,1.159502491,-0.237961115,-0.362349281,0.620701331,-0.977134646,-1.099852913,-1.063866201,-0.414212389,-1.063866201,-0.716940203,-1.154067691,-0.079743994,0.588473177,-0.016976253,0.238115697,-1.163625701,0.238115697,-0.716940203,0.825228335,-1.159780442
80,stairs_up,71.2282639,1.287914518,0.958069432,1.166118715,-0.5132096,1.166118715,-0.237961115,1.616946745,-0.031663335,-0.977134646,-1.099852913,-1.078336337,-0.490836311,-1.078336337,-0.716940203,-1.945786102,-0.614165756,0.588473177,-0.016976253,0.245359603,-1.172229609,0.245359603,0.241017972,0.825228335,-1.279294281
81,stairs_up,71.4301529,1.269633118,0.958069432,1.141523423,-0.414132493,1.141523423,-0.237961115,0.033509924,0.691653342,-0.977134646,-1.292333132,-1.10830687,-0.753733432,-1.10830687,-0.716940203,-1.549926897,-0.386437456,0.588473177,-0.016976253,0.246021697,-1.160045157,0.246021697,-0.237961115,1.22108754,-1.12496944
82,stairs_up,71.6320267,1.269633118,0.958069432,1.120558686,-0.527569878,1.120558686,-0.716940203,0.825228335,0.895380904,-0.977134646,-1.303221536,-1.119113451,-0.652261774,-1.119113451,-0.716940203,0.42936913,0.334307974,0.588473177,-0.016976253,0.239367288,-1.173623246,0.239367288,-0.237961115,1.22108754,-1.056306684
83,stairs_up,71.8339081,1.269633118,0.958069432,1.130980123,-0.395341965,1.130980123,0.241017972,-0.362349281,0.18634925,-0.977134646,-1.303221536,-1.133871616,-0.58463724,-1.133871616,0.241017972,-0.758208486,-0.153808143,0.588473177,-0.016976253,0.237967675,-1.191677114,0.237967675,-0.237961115,-0.362349281,-1.433154179
84,stairs_up,72.0357895,1.269633118,0.958069432,1.12793647,-0.384743618,1.12793647,-0.716940203,-0.758208486,0.39863806,-0.977134646,-1.231919567,-1.111485344,-0.488748809,-1.111485344,0.241017972,-1.154067691,-0.254204312,0.588473177,-0.016976253,0.228449692,-1.14859124,0.228449692,-0.716940203,0.42936913,-1.291427316
85,stairs_up,72.2376785,1.269633118,0.958069432,1.129049937,-0.358663149,1.129049937,-0.716940203,1.22108754,0.827126064,-0.976037841,-1.222436085,-1.07235651,-0.640730865,-1.07235651,-0.716940203,0.42936913,0.365897557,0.588473177,-0.016976253,0.224835399,-1.14815937,0.224835399,-0.716940203,1.22108754,-1.141162548
86,stairs_up,72.4395599,1.269633118,0.958069432,1.159329243,-0.23605535,1.159329243,-0.237961115,-1.154067691,0.441581796,-0.88060958,-1.222436085,-1.084383803,-0.567489883,-1.084383803,-0.716940203,-1.154067691,-0.195549219,0.620648148,-0.075633482,0.224756673,-1.302213385,0.224756673,-0.716940203,-0.362349281,-1.514043404
87,stairs_up,72.6414413,1.269633118,0.958069432,1.162108434,-0.240766973,1.162108434,0.241017972,0.033509924,0.095870304,-0.88060958,-1.222436085,-1.102950012,-0.615640463,-1.102950012,0.241017972,-1.154067691,-0.318684634,0.57787002,-0.075633482,0.223876081,-1.272762186,0.223876081,-0.716940203,0.033509924,-1.368759297
88,stairs_up,72.8433304,1.269633118,0.958069432,1.142514791,-0.159796241,1.142514791,-0.716940203,-0.362349281,0.56823862,-0.88060958,-1.222436085,-1.098131033,-0.590513367,-1.098131033,-0.237961115,-1.549926897,-0.223920563,0.57787002,-0.075633482,0.234072186,-1.282946128,0.234072186,0.719997059,0.825228335,-1.30199706
89,stairs_up,73.0452118,1.269633118,1.203235775,1.154373084,0.075902114,1.154373084,-0.716940203,0.42936913,1.296204398,-0.88060958,-1.197146751,-1.072971464,-0.602112406,-1.072971464,-0.716940203,0.033509924,0.146067232,0.57787002,0.001990711,0.255368558,-1.112859904,0.255368558,0.241017972,1.22108754,-0.91370921
90,stairs_up,73.2470932,1.269633118,1.203235775,1.167420507,0.192375044,1.167420507,0.241017972,-1.154067691,0.076225405,-0.88060958,-1.197146751,-1.084841543,-0.607308574,-1.084841543,0.241017972,-1.154067691,-0.333318112,0.462698054,0.013581796,0.251263765,-0.93827984,0.251263765,0.241017972,-0.362349281,-1.365776538
91,stairs_down,24.2708206,1.180786142,0.962986733,1.094262238,-0.390641794,1.094262238,-0.71691979,0.429520961,0.238664759,-1.11607234,-1.072104855,-1.162053161,0.147915803,-1.162053161,-0.23792029,-1.153983341,-0.003433485,0.361419813,-0.088278222,0.022525543,-0.801887173,0.022525543,-0.23792029,1.221273112,-1.269711418
92,stairs_down,24.4715061,1.180786142,0.962986733,1.142533411,-0.380736756,1.142533411,-0.71691979,0.825397037,0.829521468,-1.11607234,-1.072104855,-1.175917088,0.14614818,-1.175917088,0.720078709,0.429520961,0.536643217,0.361419813,-0.088278222,0.044814967,-0.822186271,0.044814967,-0.23792029,0.825397037,-1.385441397
93,stairs_down,24.6721897,1.180786142,0.962986733,1.181723322,-0.383830731,1.181723322,-0.23792029,-0.758107265,0.481212379,-1.11607234,-1.072104855,-1.149628178,0.225603286,-1.149628178,0.720078709,-0.36223119,0.400751982,0.361419813,-0.088278222,0.071258288,-0.897488247,0.071258288,-0.23792029,0.825397037,-1.368548661
94,stairs_down,24.8728733,1.180786142,0.962986733,1.166556151,-0.413419276,1.166556151,-0.23792029,0.033644886,0.579768133,-1.11607234,-1.072104855,-1.085467283,0.121945981,-1.085467283,-0.71691979,-0.758107265,0.118919468,0.361419813,-0.088278222,0.046090977,-0.910908502,0.046090977,3.115076209,1.221273112,-1.204381097
95,stairs_down,25.0735569,1.180786142,0.962986733,1.167534235,-0.409245712,1.167534235,-0.71691979,2.408901338,0.56895353,-1.11607234,-1.072104855,-1.116952354,0.080364936,-1.116952354,0.720078709,0.429520961,0.45701024,0.373851079,-0.088278222,0.046840999,-1.018510471,0.046840999,0.720078709,0.825397037,-1.446632937
96,stairs_down,25.2742424,1.180786142,0.974226405,1.184954314,-0.262900079,1.184954314,-0.71691979,0.033644886,0.861779013,-1.11607234,-1.072104855,-1.120267181,0.196262999,-1.120267181,0.720078709,0.033644886,0.25963742,0.373851079,-0.088278222,0.057111118,-0.934203774,0.057111118,2.636076709,0.825397037,-1.354870612
97,stairs_down,25.474926,1.174936161,0.974226405,1.129522525,-0.306316591,1.129522525,-0.71691979,0.429520961,0.156632665,-1.021009731,-1.072104855,-1.089542317,0.025259919,-1.089542317,-0.23792029,-1.153983341,-0.057544385,0.363979074,-0.088278222,0.061406637,-0.903839183,0.061406637,2.636076709,0.825397037,-1.321506025
98,stairs_down,25.6756096,1.174936161,1.059929303,1.185195165,-0.38299617,1.185195165,-0.71691979,2.408901338,0.958391975,-1.424660089,-1.072104855,-1.150371804,0.171469449,-1.150371804,0.720078709,1.221273112,0.952584859,0.355569832,-0.088278222,0.080193667,-0.893872588,0.080193667,2.636076709,0.033644886,-1.503826254
99,stairs_down,25.8762932,1.174936161,1.059929303,1.180705688,-0.29932031,1.180705688,-0.71691979,-0.758107265,0.627181104,-1.424660089,-1.072104855,-1.150417748,0.267998509,-1.150417748,0.720078709,0.033644886,0.549114773,0.239666561,-0.088278222,0.075123497,-0.779744894,0.075123497,2.636076709,0.825397037,-1.298867987
100,stairs_down,26.0769768,1.174936161,1.059929303,1.151990276,-0.275154257,1.151990276,-0.71691979,0.429520961,0.482166137,-1.424660089,-1.082642139,-1.123666793,0.112323937,-1.123666793,-0.71691979,-1.153983341,-0.083288264,0.239666561,-0.134641977,0.043277031,-0.819358817,0.043277031,-0.71691979,0.825397037,-1.384180873
101,stairs_down,26.2776604,1.174936161,1.059929303,1.156178986,-0.2988303,1.156178986,-0.71691979,0.825397037,0.581911486,-1.424660089,-1.082642139,-1.17469152,0.186827339,-1.17469152,0.720078709,0.033644886,0.719392046,0.239666561,-0.134641977,0.042903796,-0.852193319,0.042903796,-0.71691979,1.617149188,-1.231033314
102,stairs_down,26.4783459,1.174936161,1.059929303,1.136836605,-0.339754313,1.136836605,-0.71691979,-0.36223119,0.670095501,-1.424660089,-1.082642139,-1.183919613,0.366791066,-1.183919613,0.720078709,0.033644886,0.450407142,0.239666561,-0.134641977,0.054096109,-0.775284769,0.054096109,0.720078709,1.221273112,-1.170707527
103,stairs_down,26.6790295,1.174936161,1.059929303,1.100293205,-0.394467406,1.100293205,-0.71691979,0.033644886,0.392563878,-1.424660089,-1.082642139,-1.165978519,0.340863144,-1.165978519,-0.71691979,-1.153983341,0.093981051,0.239666561,-0.134641977,0.045024083,-0.773112273,0.045024083,-0.23792029,1.221273112,-1.222848735
104,stairs_down,26.8797131,1.174936161,1.059929303,1.136838736,-0.17297745,1.136838736,0.720078709,2.408901338,0.87060179,-1.424660089,-1.113200042,-1.234390882,0.412321126,-1.234390882,0.720078709,0.033644886,0.641211272,0.239666561,-0.134641977,0.063427221,-0.720788311,0.063427221,-0.23792029,1.221273112,-1.338007513
105,stairs_down,27.0803967,1.174936161,1.059929303,1.132918348,-0.130424631,1.132918348,-0.23792029,-0.758107265,0.66611351,-1.424660089,-1.113200042,-1.224541363,0.437349448,-1.224541363,0.720078709,-0.758107265,0.581353101,0.239666561,-0.134641977,0.058392101,-0.670897585,0.058392101,-0.23792029,1.617149188,-1.24470726
106,stairs_down,27.2810802,1.174936161,1.059929303,1.103203776,-0.279471604,1.103203776,-0.23792029,0.033644886,0.351778815,-1.424660089,-1.113200042,-1.202608359,0.405787604,-1.202608359,-0.71691979,-1.153983341,0.129839532,0.239666561,-0.1774935,0.022224778,-0.782942962,0.022224778,-0.23792029,1.617149188,-1.347958625
107,stairs_down,27.4817638,1.244039432,1.059929303,1.115221184,-0.326333259,1.115221184,-0.71691979,1.617149188,0.560208107,-1.424660089,-1.113200042,-1.225795109,0.433153383,-1.225795109,0.720078709,0.033644886,0.645770243,0.239666561,-0.1774935,0.016363615,-0.824604486,0.016363615,-0.71691979,2.013025263,-1.215080136
108,stairs_down,27.6824474,1.244039432,1.059578183,1.091751191,-0.402058573,1.091751191,-0.71691979,-0.36223119,0.636643956,-1.278775609,-1.113200042,-1.212472562,0.427103849,-1.212472562,0.720078709,-0.36223119,0.781554298,0.239666561,-0.1774935,0.025229129,-0.82856098,0.025229129,-0.23792029,1.617149188,-1.232712973
109,stairs_down,27.883131,1.244039432,1.059578183,1.091632543,-0.454688428,1.091632543,-0.71691979,-0.36223119,0.180732417,-1.278775609,-1.113200042,-1.188386828,0.431994349,-1.188386828,-0.71691979,-1.153983341,0.162526442,0.268916618,-0.15501401,0.049218003,-0.853644345,0.049218003,-0.23792029,2.408901338,-1.13641282
110,stairs_down,28.0838127,1.244039432,1.059578183,1.14157901,-0.238023145,1.14157901,-0.23792029,0.429520961,0.693482882,-1.278775609,-1.113200042,-1.244270717,0.462713208,-1.244270717,0.720078709,-0.758107265,0.198833462,0.320469794,-0.15501401,0.067554593,-0.901320411,0.067554593,-0.23792029,2.408901338,-1.423812232
111,stairs_down,28.2844963,1.244039432,1.059578183,1.131933869,-0.188355838,1.131933869,-0.23792029,-0.36223119,0.56616766,-1.278775609,-1.113200042,-1.185061581,0.467424269,-1.185061581,-0.71691979,0.033644886,0.872326413,0.229429057,-0.15501401,0.052260958,-0.760191217,0.052260958,-0.23792029,2.013025263,-1.428336968
112,stairs_down,28.4851799,1.244039432,1.059578183,1.118583613,-0.241888046,1.118583613,-0.23792029,0.033644886,0.322981045,-1.259031905,-1.113200042,-1.158371254,0.300198141,-1.158371254,-0.71691979,-1.153983341,0.109520439,0.229429057,-0.15501401,0.024754297,-0.851451896,0.024754297,-0.23792029,1.617149188,-1.30932545
113,stairs_down,28.6858654,1.244039432,1.059578183,1.167731273,-0.131217491,1.167731273,0.720078709,0.429520961,0.874241933,-1.259031905,-1.137786988,-1.217557182,0.354768715,-1.217557182,0.720078709,-0.36223119,0.270327373,0.229429057,-0.15501401,0.03502418,-0.806277605,0.03502418,0.241079209,2.013025263,-1.06829042
114,stairs_down,28.886549,1.244039432,1.012511747,1.107167501,-0.241590679,1.107167501,-0.71691979,0.429520961,0.677314084,-1.208575534,-1.137786988,-1.14222671,0.262435775,-1.14222671,-0.71691979,-0.758107265,0.396763055,0.229429057,-0.15501401,0.036476386,-0.847322595,0.036476386,0.241079209,1.221273112,-1.393956551
115,stairs_down,29.0872326,1.244039432,1.012511747,1.102074122,-0.270249646,1.102074122,-0.71691979,0.033644886,0.450499231,-1.208575534,-1.137786988,-1.15726197,0.197021304,-1.15726197,-0.71691979,-0.758107265,0.30945454,0.229429057,-0.15501401,0.059294401,-0.815876384,0.059294401,-0.23792029,1.221273112,-1.183384733
116,stairs_down,29.2879162,1.244039432,1.012511747,1.13579055,-0.204029463,1.13579055,-0.71691979,0.033644886,0.424743292,-1.404185079,-1.137786988,-1.213380788,0.412280109,-1.213380788,0.720078709,-0.758107265,0.272943088,0.229429057,-0.15501401,0.079132693,-0.823517411,0.079132693,-0.23792029,0.825397037,-1.421702401
117,stairs_down,29.4885998,1.274020641,1.012511747,1.138794193,-0.256208453,1.138794193,-0.71691979,0.429520961,0.680859729,-1.404185079,-1.137786988,-1.17505126,0.405688761,-1.17505126,-0.23792029,0.033644886,0.865693352,0.229429057,-0.15501401,0.079689467,-0.857412695,0.079689467,-0.23792029,0.429520961,-1.392268178
118,stairs_down,29.6892834,1.274020641,1.012511747,1.130370355,-0.318794533,1.130370355,-0.71691979,0.033644886,0.408912596,-1.404185079,-1.137786988,-1.175091046,0.254741075,-1.175091046,0.720078709,-0.758107265,0.504092529,0.229429057,-0.15501401,0.056295733,-0.86475661,0.056295733,-0.23792029,0.429520961,-1.302479738
119,stairs_down,29.8899651,1.274020641,1.012511747,1.137350276,-0.327007325,1.137350276,0.720078709,0.033644886,0.601345965,-1.404185079,-1.159915211,-1.235087149,0.379039139,-1.235087149,0.720078709,-0.758107265,0.226398215,0.229429057,-0.24563421,0.044001239,-0.910895331,0.044001239,-0.71691979,1.617149188,-1.171545893
120,stairs_down,30.0906487,1.274020641,0.988276214,1.088404864,-0.576005317,1.088404864,-0.71691979,0.429520961,0.433152566,-1.404185079,-1.040141883,-1.161412076,0.469163261,-1.161412076,-0.71691979,-1.153983341,0.171838131,0.229429057,-0.24563421,0.042310078,-0.943475993,0.042310078,-0.71691979,0.825397037,-1.440941281
121,stairs_down,30.2913322,1.274020641,0.988276214,1.101154297,-0.594759828,1.101154297,-0.71691979,1.617149188,0.616565312,-1.404185079,-1.040141883,-1.190440569,0.370231431,-1.190440569,-0.71691979,-0.758107265,0.37829123,0.45099794,-0.227369781,0.071654969,-1.050842551,0.071654969,-0.23792029,0.429520961,-1.46623258
122,stairs_down,30.4920158,1.274020641,1.041664874,1.154148456,-0.324497309,1.154148456,0.720078709,0.033644886,0.628506354,-1.404185079,-1.040141883,-1.23887681,0.497015871,-1.23887681,0.720078709,0.033644886,0.462238014,0.436007412,-0.227369781,0.083426791,-1.061490221,0.083426791,-0.23792029,1.221273112,-1.471602518
123,stairs_down,30.6926994,1.274020641,1.041664874,1.100449035,-0.445606375,1.100449035,-0.71691979,0.825397037,0.43507202,-1.404185079,-1.040141883,-1.158506717,0.590404953,-1.158506717,-0.71691979,-1.153983341,0.142019506,0.436007412,-0.227369781,0.074775602,-1.124133808,0.074775602,-0.23792029,1.221273112,-1.364387016
124,stairs_down,30.893383,1.285720603,1.041664874,1.120600173,-0.535704405,1.120600173,-0.71691979,0.429520961,0.527866809,-1.404185079,-1.040141883,-1.182422412,0.514499348,-1.182422412,0.720078709,-0.758107265,0.420559937,0.32558847,-0.227369781,0.053240701,-1.075335227,0.053240701,-0.23792029,0.825397037,-1.481704745
125,stairs_down,31.0940666,1.285720603,1.041664874,1.161905634,-0.435962186,1.161905634,0.720078709,0.825397037,0.988701587,-1.404185079,-1.040141883,-1.214554487,0.686014591,-1.214554487,0.720078709,0.033644886,0.540334536,0.32558847,-0.216832497,0.041874795,-1.072462668,0.041874795,0.720078709,3.99240564,-1.174696785
126,stairs_down,31.2947502,1.263051832,1.041664874,1.125748968,-0.386411518,1.125748968,-0.71691979,0.429520961,0.355939868,-1.329231828,-1.035224582,-1.126679908,0.654037981,-1.126679908,-0.23792029,-0.758107265,0.257611529,0.32558847,-0.216832497,0.035537378,-1.031445203,0.035537378,-0.71691979,0.825397037,-1.486525333
127,stairs_down,31.4954338,1.263051832,1.050445968,1.149430917,-0.345297262,1.149430917,-0.71691979,0.825397037,0.989480488,-1.329231828,-1.035224582,-1.15416999,0.657910279,-1.15416999,0.720078709,0.033644886,0.692614782,0.32558847,-0.216832497,0.051835148,-1.028058058,0.051835148,1.678077709,1.221273112,-1.463345861
128,stairs_down,31.6961174,1.263051832,1.103483214,1.189342432,-0.071089763,1.189342432,0.720078709,-1.153983341,0.382609156,-1.329231828,-1.035224582,-1.154002793,0.749928353,-1.154002793,0.720078709,0.033644886,0.478625878,0.32558847,-0.216832497,0.045730529,-0.994451053,0.045730529,1.678077709,1.617149188,-1.491099296
129,stairs_down,31.896801,1.233801928,1.103483214,1.157835099,0.046181924,1.157835099,-0.71691979,0.429520961,0.809192373,-1.319725628,-1.035224582,-1.072662668,0.603115365,-1.072662668,-0.71691979,-1.153983341,0.208562672,0.32558847,-0.216832497,0.032553156,-1.035201195,0.032553156,-0.23792029,2.013025263,-1.266812127
130,stairs_down,32.0974808,1.233801928,1.103483214,1.172112759,0.006801521,1.172112759,-0.71691979,0.429520961,0.782415296,-1.319725628,-1.035224582,-1.119458899,0.625859873,-1.119458899,0.720078709,0.825397037,0.765093047,0.32558847,-0.216832497,0.027834433,-1.063813061,0.027834433,0.241079209,2.408901338,-1.371768969
131,stairs_down,32.2981644,1.233801928,1.103483214,1.196439107,0.090901549,1.196439107,0.720078709,-0.36223119,0.795550794,-1.319725628,-1.035224582,-1.140702507,0.785704516,-1.140702507,0.720078709,-0.36223119,0.337392489,0.32558847,-0.216832497,0.034870007,-1.027247344,0.034870007,0.241079209,2.804777414,-1.385449092
132,stairs_down,32.498848,1.233801928,1.103483214,1.140594531,-0.039550671,1.140594531,-0.71691979,0.033644886,0.544901948,-1.319725628,-1.035224582,-1.075603315,0.674045934,-1.075603315,-0.71691979,-0.758107265,0.302881898,0.32558847,-0.216832497,0.023338561,-1.032637178,0.023338561,1.678077709,1.221273112,-1.340122041
133,stairs_down,32.6995316,1.233801928,1.103483214,1.175074481,-0.087393842,1.175074481,-0.71691979,2.408901338,0.974834304,-1.319725628,-1.035224582,-1.139857044,0.636242961,-1.139857044,0.720078709,0.429520961,0.795886384,0.32558847,-0.216832497,0.030082368,-0.995903163,0.030082368,-0.23792029,1.221273112,-1.448357897
134,stairs_down,32.9002151,1.233801928,1.103483214,1.191500136,0.009851479,1.191500136,0.720078709,-1.153983341,0.704356147,-1.341663094,-1.035224582,-1.159127431,0.834319676,-1.159127431,0.720078709,-0.36223119,0.554660654,0.167638376,-0.216832497,0.03516509,-0.879454814,0.03516509,-0.23792029,0.825397037,-1.421994192
135,stairs_down,33.1008987,1.233801928,1.103483214,1.148404993,-0.033487115,1.148404993,-0.71691979,0.429520961,0.866224546,-1.341663094,-1.035224582,-1.095127813,0.672992533,-1.095127813,-0.71691979,-1.549859416,-0.008034652,0.167638376,-0.291998112,0.013744339,-0.953658207,0.013744339,3.115076209,0.825397037,-1.313258484
136,stairs_down,33.3015823,1.233801928,1.103483214,1.159244202,-0.115772796,1.159244202,-0.71691979,0.429520961,0.348054591,-1.341663094,-1.041546805,-1.153570113,0.618555482,-1.153570113,0.720078709,0.033644886,0.550292711,0.167638376,-0.263898787,0.008135156,-0.993784203,0.008135156,-0.71691979,1.617149188,-1.278509856
137,stairs_down,33.5022659,1.125576748,1.103483214,1.14137913,-0.130336653,1.14137913,-0.71691979,0.033644886,0.987363995,-1.341663094,-1.041546805,-1.17794217,0.720422735,-1.17794217,0.720078709,0.033644886,0.749669485,0.167638376,-0.244931823,0.011874612,-0.965877435,0.011874612,-0.23792029,0.825397037,-1.413576665
138,stairs_down,33.7029495,1.125576748,0.967552914,1.095241742,-0.412494127,1.095241742,-0.71691979,0.033644886,0.175653319,-1.341663094,-1.041546805,-1.153643294,0.62132157,-1.153643294,-0.71691979,-1.153983341,0.168007869,0.167638376,-0.214022506,0.036598824,-0.930988681,0.036598824,-0.23792029,1.617149188,-1.272484888
139,stairs_down,33.9036293,1.125576748,1.343381136,1.15946942,-0.089994957,1.15946942,0.720078709,2.804777414,1.209119487,-1.341663094,-1.041546805,-1.231209624,0.609830156,-1.231209624,0.720078709,-0.36223119,0.671276606,0.167638376,-0.061583819,0.058649292,-0.782285122,0.058649292,-0.23792029,3.200653489,-1.044694649
140,stairs_down,34.1043129,1.125576748,1.343381136,1.158416972,-0.005030489,1.158416972,-0.23792029,-0.36223119,0.868205189,-1.341663094,-1.041546805,-1.204858192,0.545272002,-1.204858192,0.720078709,0.033644886,0.67888594,0.167638376,-0.061583819,0.071941526,-0.761542317,0.071941526,-0.23792029,1.617149188,-1.193029397
141,stairs_down,34.3049965,1.125576748,1.343381136,1.11286762,-0.056297963,1.11286762,-0.23792029,0.033644886,0.264727236,-1.341663094,-1.041546805,-1.15978012,0.486533213,-1.15978012,-0.71691979,-1.153983341,0.019697724,0.167638376,-0.061583819,0.060439446,-0.798148414,0.060439446,-0.71691979,1.617149188,-1.258934694
142,stairs_down,34.5056763,1.125576748,1.343381136,1.132878795,-0.044543772,1.132878795,0.720078709,2.408901338,0.880881092,-1.524841526,-1.163778857,-1.239632751,0.617018852,-1.239632751,0.720078709,0.033644886,0.667152367,0.167638376,-0.061583819,0.093796376,-0.706652904,0.093796376,-0.71691979,3.596529565,-0.946367188
143,stairs_down,34.7063599,1.125576748,1.343381136,1.110344022,-0.021888283,1.110344022,-0.71691979,0.033644886,0.913177965,-1.524841526,-0.920017435,-1.185157258,0.778991831,-1.185157258,-0.71691979,0.033644886,1.040710054,0.167638376,0.125627684,0.138540525,-0.351621296,0.138540525,-0.71691979,0.825397037,-0.994635074
144,stairs_down,34.9070435,1.125576748,1.343381136,1.096382523,-0.140000074,1.096382523,-0.71691979,0.033644886,0.444606064,-1.524841526,-0.920017435,-1.16111581,0.656419316,-1.16111581,-0.71691979,-1.153983341,0.368574921,0.373485427,0.125627684,0.183134526,-0.452283101,0.183134526,-0.71691979,1.617149188,-0.858174161
145,stairs_down,35.1077271,1.125576748,1.343381136,1.140662971,-0.01323607,1.140662971,0.720078709,0.429520961,0.511679899,-1.524841526,-0.920017435,-1.216825631,0.698657548,-1.216825631,0.720078709,-1.153983341,0.101778833,0.373485427,0.125627684,0.237174026,-0.454676407,0.237174026,-0.71691979,0.825397037,-1.148638856
146,stairs_down,35.3084106,1.125576748,1.343381136,1.119204328,0.068907712,1.119204328,-0.23792029,-0.758107265,0.489190798,-1.524841526,-0.920017435,-1.17746497,0.665775109,-1.17746497,-0.71691979,-0.36223119,0.687789385,0.373485427,0.125627684,0.255871773,-0.573163694,0.255871773,-0.71691979,1.221273112,-0.948189199
147,stairs_down,35.5090942,1.184442514,1.343381136,1.12894325,0.009337743,1.12894325,-0.23792029,-0.36223119,0.577541697,-1.524841526,-0.920017435,-1.150117454,0.531839014,-1.150117454,-0.71691979,-0.758107265,0.524154956,0.373485427,0.125627684,0.260167054,-0.58175145,0.260167054,-0.71691979,0.825397037,-1.092740847
148,stairs_down,35.709774,1.300345632,1.343381136,1.161271416,-0.001083853,1.161271416,0.720078709,0.033644886,0.762563825,-1.524841526,-0.920017435,-1.186821421,0.591698575,-1.186821421,0.720078709,-0.758107265,0.272534406,0.373485427,0.125627684,0.284587422,-0.576296723,0.284587422,-0.71691979,1.221273112,-0.795251248
149,stairs_down,35.9104576,1.287548713,0.977036543,1.096209407,-0.362507875,1.096209407,-0.71691979,0.825397037,0.837044631,-1.524841526,-0.920017435,-1.106412489,0.531695183,-1.106412489,-0.71691979,-1.153983341,0.36402839,0.532532478,0.125627684,0.297466634,-0.677778157,0.297466634,-0.71691979,-0.36223119,-0.970535016
150,stairs_down,36.1111412,1.287548713,0.957718165,1.089728238,-0.436204566,1.089728238,-0.71691979,0.429520961,0.517681166,-1.524841526,-0.920017435,-1.113355702,0.503867206,-1.113355702,-0.71691979,-1.153983341,-0.023256953,0.532532478,0.125627684,0.307978314,-0.656661735,0.307978314,-0.23792029,0.033644886,-0.923601675
151,stairs_down,36.3118248,1.287548713,1.046231055,1.16173962,-0.20658121,1.16173962,0.720078709,0.429520961,0.974704059,-1.524841526,-0.920017435,-1.14195886,0.52594457,-1.14195886,0.720078709,-0.36223119,0.329237591,0.537651153,0.125627684,0.331443806,-0.679176217,0.331443806,-0.23792029,0.033644886,-1.11546906
152,stairs_down,36.5125084,1.287548713,1.046231055,1.150310008,-0.209553962,1.150310008,-0.23792029,0.825397037,0.837609798,-1.118266101,-0.920017435,-1.061457803,0.159143935,-1.061457803,-0.71691979,-0.36223119,0.310349937,0.308038527,0.125627684,0.290791979,-0.40982797,0.290791979,-0.23792029,-0.36223119,-0.810672423
153,stairs_down,36.7131882,1.287548713,1.046231055,1.155348444,-0.274711343,1.155348444,-0.23792029,0.429520961,0.504352836,-1.118266101,-0.993778128,-1.083458538,-0.072408069,-1.083458538,-0.71691979,-0.36223119,-0.157986759,0.308038527,0.04870588,0.241225142,-0.507008466,0.241225142,-0.71691979,-0.758107265,-1.120215949
154,stairs_down,36.9138718,1.287548713,1.046231055,1.164788258,-0.22388461,1.164788258,0.720078709,0.429520961,0.955438496,-1.118266101,-1.137786988,-1.120770906,-0.015609813,-1.120770906,0.720078709,0.825397037,0.498348725,0.308038527,0.04870588,0.216785119,-0.564698807,0.216785119,-0.71691979,0.429520961,-0.906646429
155,stairs_down,37.1145554,1.287548713,1.046231055,1.147672969,-0.252657448,1.147672969,-0.71691979,-0.36223119,0.381367567,-1.047700374,-1.124088593,-1.073295937,-0.162880245,-1.073295937,-0.23792029,-1.549859416,-0.400696202,0.308038527,0.011123072,0.200519083,-0.653915037,0.200519083,-0.71691979,-0.758107265,-1.241059421
156,stairs_down,37.315239,1.287548713,1.046231055,1.193443278,-0.372436503,1.193443278,0.241079209,0.429520961,0.620308597,-1.047700374,-1.124088593,-1.074765905,-0.152758584,-1.074765905,-0.23792029,-0.758107265,-0.04629608,0.308038527,0.011123072,0.210507383,-0.625473421,0.210507383,-0.23792029,0.033644886,-1.047771738
157,stairs_down,37.5159225,1.287548713,1.046231055,1.197329327,-0.368579289,1.197329327,-0.71691979,0.429520961,0.657958921,-1.047700374,-1.124088593,-1.045001125,-0.199251139,-1.045001125,0.720078709,0.033644886,0.235216824,0.308038527,0.011123072,0.207606286,-0.63300577,0.207606286,-0.23792029,0.429520961,-1.222830578
158,stairs_down,37.7166061,1.252814327,1.065198019,1.175233865,-0.257014006,1.175233865,-0.71691979,2.013025263,1.087296054,-1.091575459,-1.124088593,-1.020386089,-0.236566547,-1.020386089,-0.71691979,0.429520961,0.221907171,0.308038527,-0.001521668,0.18558992,-0.712765563,0.18558992,-0.23792029,1.221273112,-0.902589399
159,stairs_down,37.9172859,1.252814327,1.19761594,1.214625076,-0.211253523,1.214625076,-0.71691979,-0.36223119,0.334258044,-1.091575459,-1.124088593,-1.049474499,-0.265522799,-1.049474499,0.241079209,-0.758107265,-0.298787327,0.28061658,-0.001521668,0.157374918,-0.663673879,0.157374918,0.241079209,0.825397037,-1.219153953
160,stairs_down,38.1179695,1.252814327,1.19761594,1.221938208,-0.235277173,1.221938208,-0.71691979,0.033644886,0.739531689,-1.091575459,-1.124088593,-1.058682935,-0.238194647,-1.058682935,-0.23792029,-0.758107265,-0.225407699,0.28061658,-0.001521668,0.120611036,-0.623401675,0.120611036,-0.71691979,1.221273112,-0.938110471
161,stairs_down,38.3186531,1.252814327,1.19761594,1.177647813,-0.408091749,1.177647813,-0.71691979,2.804777414,1.088623085,-1.091575459,-1.124088593,-1.049155733,-0.274300723,-1.049155733,-0.23792029,0.429520961,0.248419965,0.28061658,-0.114972479,0.088584111,-0.755956641,0.088584111,-0.71691979,1.617149188,-1.238403681
162,stairs_down,38.5193367,1.252814327,1.19761594,1.208020522,-0.329494288,1.208020522,-0.71691979,-0.36223119,0.506754775,-1.091575459,-1.124088593,-1.070173884,-0.228675757,-1.070173884,-0.23792029,-0.758107265,-0.301485848,0.28061658,0.104553263,0.140253712,-0.623561366,0.140253712,-0.23792029,0.429520961,-1.209085548
163,stairs_down,38.7200203,1.252814327,1.19761594,1.213836925,-0.367605749,1.213836925,-0.71691979,0.825397037,0.631306799,-1.091575459,-1.124088593,-1.047409391,-0.154997511,-1.047409391,-0.71691979,-0.36223119,7.53E-05,0.28061658,0.104553263,0.143105549,-0.611526592,0.143105549,-0.23792029,0.825397037,-1.119089683
164,stairs_down,38.9207001,1.252814327,1.19761594,1.221949812,-0.42274904,1.221949812,-0.71691979,0.825397037,1.065153896,-1.091575459,-1.124088593,-0.999292391,-0.389704625,-0.999292391,-0.71691979,0.033644886,-0.000277252,0.28061658,0.104553263,0.152705693,-0.608482374,0.152705693,-0.23792029,1.617149188,-1.047030222
165,stairs_down,39.1213837,1.252814327,1.19761594,1.239317791,-0.450237352,1.239317791,-0.71691979,0.429520961,0.80695149,-1.091575459,-1.17782852,-1.027274358,-0.408941625,-1.027274358,-0.71691979,-0.36223119,-0.174443607,0.28061658,0.104553263,0.138524184,-0.664968163,0.138524184,-0.23792029,0.825397037,-1.173080709
166,stairs_down,39.3220673,1.252814327,1.19761594,1.213459427,-0.41303205,1.213459427,-0.71691979,0.033644886,0.54558003,-1.091575459,-1.111443852,-1.012155736,-0.343466083,-1.012155736,-0.71691979,-0.36223119,-0.390007309,0.28061658,0.104553263,0.111051389,-0.699177689,0.111051389,-0.23792029,0.429520961,-1.149547261
167,stairs_down,39.5227509,1.252814327,1.19761594,1.214359122,-0.433446604,1.214359122,-0.71691979,0.033644886,0.383683207,-1.091575459,-1.111443852,-1.019038321,-0.344717062,-1.019038321,-0.23792029,-0.36223119,-0.275061516,0.28061658,0.104553263,0.09548801,-0.685757859,0.09548801,-0.71691979,0.825397037,-1.201699229
168,stairs_down,39.7234344,1.376395688,1.19761594,1.233400499,-0.529988602,1.233400499,-0.71691979,2.804777414,1.459627207,-0.957025289,-1.111443852,-1.025573011,-0.425693155,-1.025573011,-0.23792029,1.221273112,0.44593282,0.28061658,0.104553263,0.083688954,-0.738560851,0.083688954,-0.71691979,1.221273112,-1.072877603
169,stairs_down,39.924118,1.393214478,1.040962339,1.237244156,-0.548202517,1.237244156,-0.71691979,-0.36223119,0.262724353,-0.957025289,-1.037683159,-1.019136839,-0.35392613,-1.019136839,0.241079209,-1.153983341,-0.561427917,0.311329094,0.104553263,0.117350913,-0.667681675,0.117350913,-0.23792029,0.033644886,-1.428331116
170,stairs_down,40.124794,1.397602002,1.040962339,1.236406509,-0.537610577,1.236406509,-0.71691979,0.825397037,0.657623142,-0.957025289,-1.033117125,-1.005317198,-0.310766925,-1.005317198,-0.23792029,-0.36223119,-0.230885072,0.461235445,0.104553263,0.145232228,-0.742205723,0.145232228,-0.23792029,0.825397037,-1.113013121
171,stairs_down,40.3254776,1.408570812,1.040962339,1.241341453,-0.630869101,1.241341453,-0.71691979,1.221273112,1.085759317,-0.957025289,-1.033117125,-0.997294778,-0.438717192,-0.997294778,0.720078709,0.033644886,0.102371037,0.360322855,0.104553263,0.146514868,-0.722825223,0.146514868,-0.23792029,0.429520961,-1.094814564
172,stairs_down,40.5261612,1.408570812,0.999867006,1.239147513,-0.717154068,1.239147513,-0.71691979,0.825397037,0.820429544,-0.957025289,-1.033117125,-1.00881154,-0.485264809,-1.00881154,-0.71691979,-0.758107265,-0.225146939,0.360322855,-0.117431203,0.121377397,-0.972440295,0.121377397,-0.23792029,0.033644886,-1.500671435
173,stairs_down,40.7268448,1.408570812,0.999867006,1.24248934,-0.700422502,1.24248934,-0.71691979,0.429520961,0.60388542,-0.957025289,-1.033117125,-1.018658928,-0.513581524,-1.018658928,-0.71691979,-0.758107265,-0.386636096,0.315350965,-0.117431203,0.107861364,-0.886124126,0.107861364,-0.23792029,0.429520961,-1.281898921
174,stairs_down,40.9275284,1.408570812,0.999867006,1.230883059,-0.689480274,1.230883059,-0.71691979,-0.36223119,0.463655975,-0.957025289,-1.033117125,-1.019301195,-0.485799525,-1.019301195,-0.71691979,-0.758107265,-0.28206469,0.315350965,-0.117431203,0.078087586,-0.85092457,0.078087586,-0.71691979,0.825397037,-1.248904242
175,stairs_down,41.1282082,1.401989526,0.999867006,1.209903273,-0.665746614,1.209903273,-0.71691979,1.221273112,0.87821697,-0.997609655,-1.033117125,-1.02447912,-0.346637001,-1.02447912,-0.71691979,0.429520961,0.363278027,0.315350965,-0.117431203,0.066285923,-0.799599599,0.066285923,-0.71691979,1.617149188,-1.270891132
176,stairs_down,41.3288918,1.389923912,1.122099057,1.240651111,-0.509011453,1.240651111,-0.71691979,-0.36223119,0.43038592,-0.997609655,-1.033117125,-1.060183925,-0.359805728,-1.060183925,0.241079209,-0.758107265,-0.320800947,0.315350965,-0.117431203,0.08699857,-0.765207372,0.08699857,-0.23792029,0.429520961,-1.322620236
177,stairs_down,41.5295753,1.238189299,1.122099057,1.217810125,-0.378475667,1.217810125,-0.71691979,0.429520961,0.679727387,-0.997609655,-1.033117125,-1.046603714,-0.309741138,-1.046603714,-0.23792029,-0.758107265,-0.204990177,0.315350965,-0.117431203,0.086841793,-0.715245545,0.086841793,-0.23792029,0.825397037,-1.252458407
178,stairs_down,41.7302589,1.238189299,1.122099057,1.225365054,-0.441826192,1.225365054,-0.71691979,0.825397037,1.235676617,-0.997609655,-1.033117125,-1.025223458,-0.482400497,-1.025223458,-0.71691979,0.429520961,0.170592857,0.315350965,-0.117431203,0.101125138,-0.688972224,0.101125138,-0.23792029,1.221273112,-1.107002786
179,stairs_down,41.9309425,1.238189299,1.122099057,1.22346525,-0.545782258,1.22346525,-0.71691979,-1.153983341,0.277401936,-0.997609655,-1.033117125,-1.04692461,-0.583143494,-1.04692461,-0.71691979,-1.549859416,-0.566795588,0.315350965,-0.138856891,0.07326632,-0.825776549,0.07326632,-0.23792029,1.221273112,-1.332837153
180,stairs_down,42.1316261,1.238189299,1.122099057,1.207480799,-0.50079647,1.207480799,-0.71691979,0.429520961,0.695910401,-0.997609655,-1.002910343,-1.016228401,-0.466006941,-1.016228401,-0.71691979,-0.36223119,-0.245257412,0.315350965,-0.174683509,0.074423681,-0.858536909,0.074423681,3.594075709,2.804777414,-1.16466018
181,stairs_down,42.3323097,1.238189299,1.122099057,1.235760454,-0.38298942,1.235760454,-0.71691979,0.825397037,0.897473104,-0.997609655,-1.002910343,-1.023645262,-0.408996307,-1.023645262,0.720078709,-0.36223119,0.067993164,0.315350965,-0.174683509,0.074487149,-0.889094918,0.074487149,3.594075709,2.408901338,-1.128502984
182,walking,225.9533539,0.637466938,1.568175446,1.090322133,2.453756507,1.090322133,-0.237559372,-0.757212406,1.202127561,-1.809663699,-1.375577306,-1.564396913,0.963190275,-1.564396913,-0.716739331,0.034838032,1.662236818,0.188844538,0.172693974,0.037295447,-0.312958163,0.037295447,3.116700343,1.222913688,-0.845347914
183,walking,226.1517334,0.729238828,1.568175446,1.178781294,1.943670409,1.178781294,-0.237559372,-1.549262843,0.189782259,-1.809663699,-1.375577306,-1.597777549,1.038389404,-1.597777549,0.720800547,-1.153237624,1.011400217,0.188844538,0.172693974,0.031804844,-0.375474971,0.031804844,-0.237559372,0.43086325,-1.194452843
184,walking,226.3500977,0.729238828,1.568175446,1.107634276,2.216965741,1.107634276,-0.237559372,-0.757212406,0.928482064,-1.809663699,-1.375577306,-1.562157303,0.960020698,-1.562157303,-0.237559372,-0.757212406,1.180989532,0.188844538,0.172693974,0.044274777,-0.457064266,0.044274777,1.199980506,0.43086325,-1.178983804
185,walking,226.5484772,0.729238828,1.568175446,1.120941453,2.352385246,1.120941453,0.720800547,-0.361187187,1.599216189,-1.809663699,-1.375577306,-1.605545488,0.813304118,-1.605545488,-0.237559372,-1.153237624,0.902123606,-0.017733665,0.172693974,0.037922254,-0.32913972,0.037922254,-0.237559372,0.43086325,-0.957117604
186,walking,226.7474518,0.729238828,1.413629303,1.074445574,2.056037196,1.074445574,0.720800547,-0.757212406,1.577102873,-1.809663699,-1.31375882,-1.553777032,0.998245179,-1.553777032,-0.237559372,-0.361187187,1.490927863,-0.017733665,0.172693974,0.049127187,-0.305250413,0.049127187,1.199980506,0.826888469,-0.915100278
187,walking,226.9463806,0.729238828,1.413629303,1.118001254,2.295951636,1.118001254,-0.237559372,-0.757212406,1.649742639,-1.631603944,-1.131113351,-1.439091652,0.774107877,-1.439091652,-0.716739331,-0.757212406,1.061354042,-0.017733665,-0.000116599,-0.005423226,-0.575257828,-0.005423226,-0.716739331,0.43086325,-1.338283266
188,walking,227.1447449,0.729238828,1.413629303,1.242646256,2.283202278,1.242646256,-0.237559372,-0.757212406,0.999359216,-1.631603944,-1.131113351,-1.490296172,0.944844533,-1.490296172,0.720800547,-0.757212406,0.91812864,-0.017733665,-0.000116599,0.030043997,-0.481028077,0.030043997,2.158340424,0.826888469,-1.091805199
189,walking,227.3431091,0.793588922,1.413629303,1.285377741,1.946355033,1.285377741,-0.237559372,-0.757212406,1.332235054,-1.631603944,-1.131113351,-1.472047854,0.836530518,-1.472047854,-0.716739331,0.43086325,1.561368123,-0.017733665,-0.000116599,0.004920976,-0.308182013,0.004920976,2.158340424,0.43086325,-1.099658977
190,walking,227.5414734,0.736185766,1.413629303,1.151032424,2.286672767,1.151032424,-0.237559372,-1.549262843,0.422858266,-1.631603944,-1.131113351,-1.470880599,0.621400902,-1.470880599,-0.237559372,-1.153237624,0.640632641,-0.017733665,-0.000116599,0.02186752,-0.308808065,0.02186752,2.158340424,0.43086325,-1.238621161
191,walking,227.7398376,0.736185766,1.413629303,1.203588775,2.392550677,1.203588775,0.720800547,-0.361187187,1.71918525,-1.631603944,-1.131113351,-1.53852443,0.678376313,-1.53852443,-0.237559372,-0.757212406,0.523554621,-0.017733665,-0.000116599,0.009766269,-0.301252572,0.009766269,2.158340424,0.43086325,-1.203343564
192,walking,227.9382172,0.736185766,1.410468044,1.125830162,2.052196302,1.125830162,-0.716739331,-0.757212406,1.514805784,-1.593578992,-1.131113351,-1.449345463,0.498694404,-1.449345463,-0.237559372,0.43086325,1.38139913,-0.017733665,-0.176088578,-0.019050924,-0.356742307,-0.019050924,2.158340424,0.826888469,-1.044946562
193,walking,228.1365814,0.736185766,2.204273183,1.278290702,3.058513149,1.278290702,-0.237559372,-0.757212406,2.001103698,-1.577857159,-1.131113351,-1.438637087,0.476925889,-1.438637087,-0.716739331,0.43086325,1.520030116,-0.017733665,-0.176088578,-0.056750166,-0.191280289,-0.056750166,2.158340424,0.034838032,-1.216281361
194,walking,228.3349609,0.736185766,2.204273183,1.41509271,2.627175576,1.41509271,-0.237559372,-1.549262843,0.783976122,-1.762132242,-1.131113351,-1.520203514,1.161287932,-1.520203514,0.720800547,0.034838032,1.351460372,-0.017733665,-0.176088578,-0.054316488,-0.168434963,-0.054316488,2.158340424,0.034838032,-0.991522953
195,walking,228.5335846,0.183360209,2.204273183,1.289221851,3.476793175,1.289221851,-0.237559372,-0.361187187,1.39854121,-1.762132242,-1.131113351,-1.492075998,1.258114133,-1.492075998,-0.716739331,-1.549262843,0.68943519,-0.015174403,-0.176088578,-0.06673304,-0.189340615,-0.06673304,1.679160465,0.43086325,-0.995598169
196,walking,228.7340393,0.183360209,2.204273183,1.249172204,3.63733615,1.249172204,-0.237559372,-1.549262843,1.532757652,-1.762132242,-1.131113351,-1.512477095,1.200838912,-1.512477095,-0.237559372,-1.153237624,1.080926248,-0.015174403,-0.176088578,-0.081878406,-0.271032569,-0.081878406,1.679160465,0.43086325,-1.044118419
197,walking,228.9324036,0.183360209,2.204273183,1.195116451,3.431050632,1.195116451,0.241620587,-1.153237624,1.947892113,-1.762132242,-1.254750324,-1.561619703,0.960116486,-1.561619703,0.720800547,-0.757212406,1.025872003,-0.015174403,-0.176088578,-0.068453316,-0.346949099,-0.068453316,1.199980506,0.43086325,-1.017894223
198,walking,229.1307526,0.183360209,2.204273183,1.210497878,3.571249897,1.210497878,0.241620587,-0.361187187,2.388075963,-1.762132242,-1.254750324,-1.526918313,0.849346135,-1.526918313,0.241620587,-1.153237624,0.969555458,-0.015174403,-0.302886516,-0.091396988,-0.452730473,-0.091396988,1.199980506,0.826888469,-1.034323458
199,walking,229.3291321,0.183360209,2.204273183,1.32110617,3.766701954,1.32110617,-0.237559372,-0.757212406,1.865960107,-1.762132242,-1.254750324,-1.565439614,0.951163044,-1.565439614,0.241620587,0.034838032,1.413993751,0.001278735,-0.302886516,-0.080241877,-0.551571742,-0.080241877,1.199980506,0.43086325,-1.252658339
200,walking,229.5274963,0.183360209,2.204273183,1.39251416,3.389905638,1.39251416,-0.237559372,-1.549262843,0.491795575,-1.762132242,-1.254750324,-1.591957647,0.962173124,-1.591957647,0.720800547,-0.361187187,1.128819524,0.001278735,-0.302886516,-0.070916176,-0.552396095,-0.070916176,0.720800547,0.826888469,-1.326951346
201,walking,229.7258606,0.183360209,2.204273183,1.286808339,3.636515523,1.286808339,-0.237559372,-1.549262843,1.290261556,-1.762132242,-1.254750324,-1.579387595,0.786002647,-1.579387595,-0.237559372,-1.153237624,0.750126221,0.001278735,-0.302886516,-0.057741857,-0.535912329,-0.057741857,0.720800547,0.43086325,-1.301057081
202,walking,229.9242401,0.183360209,2.204273183,1.261073932,3.710560636,1.261073932,-0.237559372,-1.549262843,1.976379212,-1.762132242,-1.254750324,-1.653142194,0.618497844,-1.653142194,-0.237559372,-1.153237624,0.849170788,0.001278735,-0.302886516,-0.041384634,-0.644438563,-0.041384634,0.720800547,1.222913688,-1.11967715
203,walking,230.1225891,0.183360209,1.528836303,1.15076386,2.820241789,1.15076386,-0.716739331,-0.757212406,2.259885404,-1.762132242,-1.254750324,-1.62912759,0.558481459,-1.62912759,-0.716739331,-0.361187187,1.694528796,0.001278735,-0.302886516,-0.01258808,-0.851383536,-0.01258808,0.720800547,0.826888469,-1.49546071
204,walking,230.3209534,0.183360209,1.528836303,1.190141148,3.035495397,1.190141148,-0.237559372,-1.153237624,1.139557104,-1.392119465,-1.254750324,-1.542989416,0.140557367,-1.542989416,-0.716739331,0.43086325,1.283478958,0.001278735,-0.031377037,-0.053093003,-0.6030529,-0.053093003,4.075060261,1.222913688,-0.891259851
205,walking,230.5193329,0.636369981,1.528836303,1.323128227,2.083238126,1.323128227,-0.237559372,-1.549262843,0.444079598,-1.544950883,-1.254750324,-1.612365623,0.186901658,-1.612365623,-0.716739331,-1.549262843,0.600485988,0.038572535,0.022011623,-0.014016781,-0.538999224,-0.014016781,1.199980506,0.43086325,-1.361152604
206,walking,230.7176971,0.795782684,1.528836303,1.306945854,2.103447537,1.306945854,-0.237559372,-0.361187187,0.590599291,-1.544950883,-1.455660223,-1.640738215,-0.101635248,-1.640738215,-0.716739331,0.034838032,1.206217305,0.038572535,0.022011623,-0.000990266,-0.563037917,-0.000990266,2.637520383,0.034838032,-1.359758622
207,walking,230.9160614,0.547157506,1.528836303,1.198107898,2.790669202,1.198107898,-0.237559372,-1.549262843,1.098766813,-1.544950883,-1.455660223,-1.628511696,-0.085341966,-1.628511696,-0.237559372,-1.153237624,0.976372307,0.038572535,0.022011623,-0.020878436,-0.512389886,-0.020878436,2.637520383,0.034838032,-1.217032748
208,walking,231.1144409,0.547157506,1.5190017,1.145165547,2.400651146,1.145165547,0.241620587,-0.361187187,2.066680614,-1.544950883,-1.438098181,-1.64371068,0.089145209,-1.64371068,-0.237559372,-1.549262843,0.700433494,0.038572535,0.022011623,-0.008310283,-0.605976258,-0.008310283,2.637520383,0.034838032,-1.517524711
209,walking,231.3127899,0.547157506,1.5190017,1.114150499,2.145224748,1.114150499,0.241620587,0.43086325,1.764189326,-1.544950883,-1.391734426,-1.563289681,0.315102636,-1.563289681,-0.716739331,-0.757212406,1.108067292,0.038572535,0.022011623,-0.023012946,-0.560237016,-0.023012946,2.158340424,-0.361187187,-1.457647075
210,walking,231.5123291,0.547157506,1.5190017,1.193650742,2.210349019,1.193650742,-0.237559372,-0.757212406,0.987961008,-1.544950883,-1.391734426,-1.586873919,0.460090914,-1.586873919,-0.716739331,-0.361187187,1.416775101,0.038572535,0.022011623,-0.004170087,-0.335255524,-0.004170087,2.158340424,0.034838032,-1.303256299
211,walking,231.7106934,0.547157506,1.5190017,1.24580164,1.977376733,1.24580164,-0.237559372,-1.549262843,-0.308026641,-1.544950883,-1.391734426,-1.58158023,0.475450554,-1.58158023,-0.716739331,-1.153237624,0.959908463,0.038572535,0.022011623,-0.031943867,-0.238379305,-0.031943867,2.158340424,-0.361187187,-1.327539575
212,walking,231.9090729,0.547157506,1.5190017,1.173889264,2.406925102,1.173889264,-0.237559372,-1.153237624,0.79866792,-1.544950883,-1.391734426,-1.548151196,0.374275191,-1.548151196,-0.237559372,-0.361187187,0.993391253,0.038572535,0.022011623,-0.014548688,-0.163632517,-0.014548688,2.158340424,-0.361187187,-1.280387507
213,walking,232.1074371,0.547157506,1.5190017,1.172311097,2.538564661,1.172311097,0.241620587,-0.361187187,2.088731068,-1.650250996,-1.391734426,-1.606135995,0.574252134,-1.606135995,-0.237559372,-1.153237624,0.616505968,0.038572535,0.022011623,-0.0117729,-0.163897784,-0.0117729,2.158340424,-0.361187187,-1.279854081
214,walking,232.3058014,0.547157506,1.216231636,1.081902716,2.108736721,1.081902716,0.241620587,-0.361187187,1.405816883,-1.650250996,-1.308138984,-1.551060554,0.78272937,-1.551060554,-0.237559372,-0.757212406,1.176394526,0.197985238,0.022011623,-0.001790025,-0.431658938,-0.001790025,2.158340424,1.222913688,-0.857549123
215,walking,232.5041809,0.547157506,1.216231636,1.136988594,2.354729431,1.136988594,-0.237559372,-1.153237624,1.331668285,-1.650250996,-1.308138984,-1.502441313,0.602365007,-1.502441313,-0.716739331,-0.361187187,1.151782205,0.197985238,-0.013112607,-0.023873202,-0.57271695,-0.023873202,1.679160465,-0.361187187,-1.39317369
216,walking,232.7025299,0.547157506,1.27840139,1.240884459,2.368633029,1.240884459,-0.237559372,-1.153237624,0.487116596,-1.650250996,-1.308138984,-1.557061002,0.938850399,-1.557061002,0.720800547,-0.757212406,1.170722695,0.197985238,-0.013112607,-0.02534437,-0.580149922,-0.02534437,1.679160465,0.034838032,-1.302994637
217,walking,232.9008942,0.429426126,1.27840139,1.250506243,2.214713822,1.250506243,-0.237559372,-1.153237624,0.614352992,-1.650250996,-1.308138984,-1.565359187,0.923581616,-1.565359187,-0.237559372,-0.757212406,1.29990559,0.197985238,-0.013112607,-0.000818263,-0.634182697,-0.000818263,1.199980506,-0.361187187,-1.439775714
218,walking,233.0992737,0.37056036,1.27840139,1.136200221,2.743835336,1.136200221,-0.237559372,-1.153237624,1.473543036,-1.650250996,-1.308138984,-1.562202855,0.905815546,-1.562202855,-0.237559372,-0.361187187,1.480335697,0.197985238,-0.013112607,-0.006155843,-0.618100822,-0.006155843,1.199980506,0.43086325,-1.255441876
219,walking,233.2976379,0.37056036,1.27840139,1.14193353,2.766084799,1.14193353,0.720800547,-0.757212406,1.619891305,-1.752626043,-1.308138984,-1.641863003,0.979179917,-1.641863003,0.720800547,-1.153237624,0.872808267,0.197985238,-0.013112607,0.014712392,-0.658802745,0.014712392,1.199980506,0.43086325,-1.202172669
220,walking,233.4960022,0.37056036,1.313876741,1.122498502,2.716106678,1.122498502,0.241620587,-0.361187187,2.10346016,-1.752626043,-1.308138984,-1.548216204,1.080707623,-1.548216204,-0.716739331,-1.153237624,1.21268795,0.197985238,-0.163443837,0.005608043,-0.883247785,0.005608043,0.241620587,1.222913688,-1.4044549
221,walking,233.6955414,0.37056036,1.62402283,1.215638069,2.937051064,1.215638069,-0.237559372,-1.153237624,1.073319471,-1.752626043,-1.308138984,-1.582179518,1.208808222,-1.582179518,0.720800547,-0.757212406,1.593483003,0.333632213,-0.163443837,0.03041861,-1.066244565,0.03041861,0.241620587,0.826888469,-1.633917709
222,walking,233.8938904,0.37056036,1.62402283,1.29117368,2.505184899,1.29117368,-0.237559372,-1.549262843,0.346160147,-1.752626043,-1.308138984,-1.601060099,1.238248053,-1.601060099,0.720800547,-0.757212406,1.252852583,0.11791331,-0.281109561,-0.015827687,-0.919656745,-0.015827687,-0.716739331,0.826888469,-1.534169468
223,walking,234.0934448,0.37056036,1.62402283,1.180179149,2.698763147,1.180179149,-0.237559372,-0.757212406,1.1608054,-1.752626043,-1.308138984,-1.548109679,1.06108617,-1.548109679,-0.716739331,-1.549262843,0.720200704,0.11791331,-0.281109561,-0.008634599,-0.926938998,-0.008634599,-0.716739331,0.43086325,-1.573730856
224,walking,234.2918091,0.37056036,1.62402283,1.220282888,2.804570105,1.220282888,0.241620587,-1.153237624,1.640199893,-1.752626043,-1.153944108,-1.60237682,0.792439425,-1.60237682,-0.237559372,-1.549262843,0.403367296,-0.02431495,-0.281109561,-0.042765173,-0.577170815,-0.042765173,-0.716739331,0.034838032,-1.218468167
225,walking,234.4901733,0.37056036,1.62402283,1.154112124,2.589635505,1.154112124,0.241620587,-0.757212406,1.801839728,-1.752626043,-0.797785531,-1.511284219,1.52845324,-1.511284219,-0.716739331,-1.153237624,1.063367017,-0.049177483,-0.281109561,-0.072120442,-0.370903694,-0.072120442,-0.716739331,-0.361187187,-1.338178582
226,walking,234.6885376,0.37056036,1.641584725,1.183922907,2.758986246,1.183922907,-0.237559372,-0.361187187,2.086183942,-1.752626043,-0.797785531,-1.440119408,1.313892468,-1.440119408,-0.716739331,-0.361187187,1.22294382,-0.049177483,-0.281109561,-0.101551392,-0.315184883,-0.101551392,-0.716739331,0.43086325,-1.233827184
227,walking,234.8869171,0.37056036,1.847060951,1.313525423,2.570103621,1.313525423,-0.237559372,-1.153237624,0.438130051,-1.752626043,-0.797785531,-1.445409777,1.357235603,-1.445409777,0.241620587,-1.153237624,0.568048448,-0.049177483,-0.281109561,-0.11613472,-0.359217624,-0.11613472,-0.716739331,0.034838032,-1.277834724
228,walking,235.0852814,0.747154575,1.847060951,1.30942461,2.464125713,1.30942461,-0.237559372,-0.361187187,1.301654173,-1.752626043,-0.797785531,-1.398590291,1.212776467,-1.398590291,-0.237559372,0.43086325,1.695082938,-0.049177483,-0.281109561,-0.127163378,-0.382364439,-0.127163378,-0.716739331,0.034838032,-1.123103493
229,walking,235.2836304,0.747154575,1.847060951,1.234208808,2.429678624,1.234208808,-0.237559372,-0.757212406,1.800780371,-1.499978993,-0.797785531,-1.394268128,0.994276126,-1.394268128,-0.237559372,0.034838032,1.321867587,-0.049177483,-0.187328249,-0.124031008,-0.30984315,-0.124031008,-0.716739331,0.034838032,-1.052177096
230,walking,235.4819946,0.747154575,1.847060951,1.200773605,2.44338485,1.200773605,0.720800547,-0.361187187,1.890595556,-1.499978993,-0.797785531,-1.400575572,1.121289181,-1.400575572,-0.237559372,-1.153237624,0.560834941,-0.049177483,-0.187328249,-0.153049386,-0.473218263,-0.153049386,-0.716739331,0.826888469,-1.216025137
231,walking,235.6803741,0.747154575,1.847060951,1.162117073,2.444956709,1.162117073,-0.716739331,0.034838032,2.212055622,-1.465244455,-0.797785531,-1.335675739,0.870526405,-1.335675739,-0.237559372,0.826888469,1.603789199,-0.049177483,-0.187328249,-0.163931188,-0.453473492,-0.163931188,-0.716739331,0.43086325,-1.351189902
232,walking,235.8794861,0.747154575,1.847060951,1.249305064,2.610057707,1.249305064,-0.237559372,-0.361187187,1.341771823,-1.517163283,-0.797785531,-1.37559134,1.192946236,-1.37559134,0.720800547,-0.757212406,0.974872697,-0.049177483,-0.18592318,-0.119264956,-0.348026353,-0.119264956,-0.716739331,0.43086325,-1.257907386
233,walking,236.0782776,0.747154575,1.847060951,1.276929855,2.434848062,1.276929855,-0.237559372,-1.153237624,0.700722755,-1.517163283,-0.797785531,-1.388527701,1.204389467,-1.388527701,-0.716739331,-0.757212406,1.161565034,-0.049177483,-0.18592318,-0.122933505,-0.342469875,-0.122933505,-0.716739331,0.43086325,-1.328473654
234,walking,236.2766418,0.616260624,1.847060951,1.150255679,2.821472712,1.150255679,-0.237559372,-1.153237624,1.2128699,-1.517163283,-0.797785531,-1.403079476,1.161144105,-1.403079476,-0.716739331,-1.153237624,0.822479131,-0.049177483,-0.18592318,-0.067008484,-0.53038702,-0.067008484,4.075060261,1.618938906,-1.147952929
235,walking,236.4750214,0.616260624,1.847060951,1.181443679,2.889875564,1.181443679,0.720800547,-0.757212406,1.455976721,-1.517163283,-1.250886678,-1.505586498,0.769097806,-1.505586498,-0.237559372,-1.549262843,0.348375999,0.059413196,-0.18592318,-0.054637245,-0.703838572,-0.054637245,4.075060261,1.222913688,-1.413898737
236,walking,236.6733704,0.616260624,1.847060951,1.077503685,2.556283015,1.077503685,0.241620587,0.826888469,2.706990223,-1.517163283,-1.250886678,-1.494998169,0.731838844,-1.494998169,-0.716739331,-1.153237624,0.909383935,0.25465709,-0.18592318,-0.032784909,-0.826286089,-0.032784909,4.075060261,0.826888469,-1.525509565
237,walking,236.8717346,0.616260624,1.501790779,1.124048675,2.602852692,1.124048675,-0.237559372,-0.757212406,1.501376442,-1.517163283,-1.250886678,-1.50895635,0.687593445,-1.50895635,-0.716739331,-1.153237624,0.98613377,0.199813347,-0.18592318,-0.038293781,-0.658799733,-0.038293781,4.075060261,1.222913688,-1.22622694
238,walking,237.0700989,0.616260624,1.501790779,1.214864172,2.280770327,1.214864172,-0.237559372,-1.549262843,0.471270775,-1.517163283,-1.250886678,-1.556366107,0.613129712,-1.556366107,-0.716739331,-1.153237624,0.932556098,0.199813347,-0.18592318,-0.017532069,-0.687497662,-0.017532069,4.075060261,1.222913688,-1.210392873
239,walking,237.2684784,0.616260624,1.501790779,1.149869441,2.530773234,1.149869441,-0.237559372,-0.361187187,1.464141649,-1.517163283,-1.250886678,-1.532132524,0.47237017,-1.532132524,-0.716739331,0.034838032,1.235372524,0.199813347,-0.18592318,-0.014511679,-0.77914075,-0.014511679,2.158340424,1.222913688,-1.310252096
240,walking,237.4668427,0.616260624,1.501790779,1.099811773,2.539364063,1.099811773,-0.237559372,-1.549262843,0.894560518,-1.517163283,-1.250886678,-1.603840631,0.173917356,-1.603840631,-0.237559372,-0.361187187,1.157664082,0.199813347,-0.18592318,-0.013692702,-0.711157338,-0.013692702,4.075060261,0.826888469,-1.531586505
241,walking,237.6652069,0.616260624,1.403443286,1.044946059,2.19957035,1.044946059,0.241620587,-0.757212406,1.66900623,-1.517163283,-1.250886678,-1.592387063,0.213788286,-1.592387063,-0.237559372,-0.361187187,1.337574712,0.199813347,-0.18592318,-0.007673512,-0.792781868,-0.007673512,-0.237559372,0.826888469,-1.529228825
242,walking,237.8635559,0.616260624,1.382720133,1.007877657,2.044087816,1.007877657,-0.716739331,0.034838032,1.79062361,-1.471094436,-1.250886678,-1.538453018,-0.067714996,-1.538453018,-0.716739331,-0.361187187,1.036159181,0.199813347,-0.241419444,-0.04319103,-0.865523297,-0.04319103,2.158340424,0.826888469,-1.476891227
243,walking,238.0619354,0.616260624,1.382720133,1.105897154,2.12921571,1.105897154,-0.237559372,-0.757212406,0.942419112,-1.471094436,-1.250886678,-1.58882243,0.177116676,-1.58882243,0.720800547,-0.361187187,1.120485904,0.199813347,-0.167658751,-0.031144108,-0.772469689,-0.031144108,2.158340424,0.43086325,-1.504098871
244,walking,238.2602997,0.732529547,1.382720133,1.151705968,1.804011908,1.151705968,-0.237559372,-0.757212406,0.507537952,-1.471094436,-1.250886678,-1.585003467,0.16455974,-1.585003467,-0.716739331,0.034838032,1.247028924,0.199813347,-0.167658751,-0.033798663,-0.7990507,-0.033798663,2.158340424,0.826888469,-1.493611709
245,walking,238.4586639,0.732529547,1.382720133,1.04795601,1.960814619,1.04795601,-0.237559372,-1.549262843,0.329919164,-1.416616346,-1.285659494,-1.574956062,-0.214742135,-1.574956062,-0.237559372,-1.549262843,0.39271799,0.199813347,-0.167658751,-0.019491016,-0.834356234,-0.019491016,-0.237559372,0.826888469,-1.5123142
246,walking,238.6570282,0.732529547,1.382720133,1.084753238,1.983782295,1.084753238,0.720800547,0.43086325,1.609010512,-1.491935097,-1.3636351,-1.605074792,-0.093074162,-1.605074792,-0.237559372,-1.549262843,0.551238291,0.197253933,-0.167658751,-0.022771192,-0.750840416,-0.022771192,-0.237559372,1.222913688,-1.353187701
247,walking,238.8553925,0.732529547,1.341273532,0.954177774,1.519788794,0.954177774,-0.716739331,-0.361187187,1.045003924,-1.491935097,-1.343965602,-1.54702736,0.212149218,-1.54702736,-0.716739331,0.034838032,1.127783098,0.197253933,-0.167658751,-0.023753633,-0.875000394,-0.023753633,-0.237559372,2.014964125,-1.269392961
248,walking,239.0537567,0.732529547,1.631750123,1.028242454,2.10371114,1.028242454,-0.237559372,-0.361187187,1.796224017,-1.491935097,-1.343965602,-1.55606172,0.249740528,-1.55606172,-0.716739331,-0.757212406,1.034773162,0.197253933,-0.167658751,-0.025615784,-0.843691647,-0.025615784,5.03342018,2.014964125,-1.200006726
249,walking,239.252121,0.827957655,1.631750123,1.127634424,2.013215738,1.127634424,-0.237559372,-1.549262843,0.392294391,-1.491935097,-1.343965602,-1.57685475,0.297963066,-1.57685475,-0.716739331,-0.757212406,0.999508248,0.197253933,-0.167658751,-0.037070537,-0.84651307,-0.037070537,5.03342018,2.410989344,-1.197677507
250,walking,239.4504852,0.827957655,1.631750123,1.115205534,2.047325785,1.115205534,-0.237559372,-0.757212406,0.900211745,-1.491935097,-1.343965602,-1.55210207,0.175157338,-1.55210207,-0.237559372,-0.361187187,1.050574752,0.197253933,-0.167658751,-0.026349826,-0.922695421,-0.026349826,5.03342018,1.618938906,-1.465589991
251,walking,239.6488647,0.742401399,1.631750123,1.065233275,2.289222282,1.065233275,-0.237559372,-1.153237624,1.077554389,-1.491935097,-1.343965602,-1.591406525,0.044150394,-1.591406525,-0.237559372,0.43086325,1.329484192,0.197253933,-0.167658751,-0.019811302,-0.896283109,-0.019811302,6.950140016,1.618938906,-1.435461353
252,walking,239.8472137,0.742401399,1.631750123,1.063275277,2.185230383,1.063275277,0.720800547,-0.757212406,1.697664273,-1.550069559,-1.343965602,-1.590761924,0.314544723,-1.590761924,-0.237559372,-0.361187187,1.206023536,0.197253933,-0.167658751,-0.00493355,-0.94346133,-0.00493355,6.950140016,2.014964125,-1.491131611
253,walking,240.045578,0.742401399,1.631750123,1.031304836,2.10724063,1.031304836,-0.716739331,0.034838032,1.770032564,-1.550069559,-1.343965602,-1.507892063,0.231859321,-1.507892063,-0.716739331,-0.757212406,0.870889921,0.197253933,-0.258981485,-0.021217701,-1.043758511,-0.021217701,6.950140016,2.014964125,-1.528606397
254,walking,240.2439423,0.742401399,1.631750123,1.132872597,2.197775587,1.132872597,-0.237559372,-0.757212406,1.095745125,-1.550069559,-1.343965602,-1.534067273,0.381237637,-1.534067273,-0.716739331,0.034838032,1.359380191,0.197253933,-0.141666882,-0.025812462,-0.840245624,-0.025812462,5.512600139,1.618938906,-1.391962166
255,walking,240.4423218,0.742401399,1.631750123,1.198844549,1.898626688,1.198844549,-0.237559372,-1.153237624,0.397832397,-1.550069559,-1.343965602,-1.555601935,0.449935632,-1.555601935,-0.716739331,-0.361187187,1.085209301,0.197253933,-0.141666882,-0.017129463,-0.85272212,-0.017129463,1.199980506,1.618938906,-1.36658432
256,walking,240.640686,0.618820039,1.631750123,1.090792355,2.188783018,1.090792355,-0.237559372,-1.549262843,0.446045308,-1.550069559,-1.343965602,-1.539120869,0.236242434,-1.539120869,-0.237559372,-1.549262843,0.483884846,0.272207185,-0.141666882,-0.005573878,-0.948431387,-0.005573878,-0.237559372,1.222913688,-1.476335056
257,walking,240.839035,0.618820039,1.631750123,1.117649651,2.149169971,1.117649651,-0.237559372,-1.153237624,1.229997844,-1.550069559,-1.424751053,-1.607669085,0.01802066,-1.607669085,-0.237559372,0.034838032,1.167997335,0.272207185,-0.141666882,0.005214687,-1.01350792,0.005214687,-0.237559372,1.222913688,-1.455610967
258,walking,241.0373993,0.618820039,1.358133186,1.036503863,1.544224704,1.036503863,-0.716739331,0.034838032,1.578249815,-1.550069559,-1.424751053,-1.567309595,0.055839663,-1.567309595,-0.237559372,-1.153237624,0.916749753,0.272207185,-0.141666882,-0.011100069,-1.048322236,-0.011100069,-0.237559372,1.618938906,-1.377665651
259,walking,241.2357788,0.618820039,1.211665456,1.038425326,1.439456471,1.038425326,-0.237559372,-0.361187187,0.892543343,-1.550069559,-1.424751053,-1.534987554,0.017225661,-1.534987554,-0.716739331,-0.361187187,1.015001153,-0.109871359,-0.141666882,-0.061900083,-0.540259754,-0.061900083,-0.237559372,0.43086325,-1.106150469
260,walking,241.4348145,0.618820039,1.211665456,1.137260717,1.386989682,1.137260717,-0.237559372,-0.361187187,0.584560376,-1.550069559,-1.424751053,-1.577192113,0.211609866,-1.577192113,0.720800547,-0.361187187,1.070717251,-0.109871359,-0.141666882,-0.058164867,-0.417642713,-0.058164867,0.720800547,0.034838032,-1.204264556
261,walking,241.6336823,0.618820039,1.211665456,1.168314673,1.087230216,1.168314673,-0.237559372,-0.361187187,0.899971025,-1.547144492,-1.424751053,-1.5688619,0.116487233,-1.5688619,-0.716739331,0.43086325,1.425664273,-0.109871359,-0.141666882,-0.045322693,-0.403678629,-0.045322693,0.720800547,-0.361187187,-1.227835127
262,walking,241.8320465,0.618820039,1.211665456,1.066459367,1.287381128,1.066459367,-0.237559372,-1.549262843,0.135015559,-1.415519541,-1.505887771,-1.572709569,-0.137669514,-1.572709569,-0.237559372,-1.153237624,0.871494109,-0.109871359,-0.141666882,-0.032300924,-0.394923698,-0.032300924,-0.237559372,-0.361187187,-1.369452732
263,walking,242.0304108,0.618820039,1.211665456,1.04490715,1.240701394,1.04490715,0.720800547,0.826888469,1.532309311,-1.415519541,-1.593346859,-1.641183289,-0.233462412,-1.641183289,0.720800547,-1.549262843,0.658813578,-0.109871359,-0.141666882,-0.035703045,-0.371867544,-0.035703045,-0.237559372,-0.361187187,-1.355976406
264,walking,242.2287598,0.618820039,0.892387299,0.987957224,0.934589969,0.987957224,-0.716739331,-1.153237624,0.712492346,-1.408572603,-1.477788445,-1.575519047,-0.16273808,-1.575519047,-0.716739331,0.034838032,1.256123487,-0.109871359,-0.287783199,-0.045357569,-0.523260966,-0.045357569,-0.237559372,-0.361187187,-1.395181708
265,walking,242.4271393,0.618820039,0.981251309,1.039052609,1.163698163,1.039052609,-0.237559372,-0.757212406,0.708972962,-1.434897593,-1.477788445,-1.566887532,-0.084580529,-1.566887532,-0.716739331,0.034838032,1.40454203,-0.109871359,-0.287783199,-0.088678376,-0.361516515,-0.088678376,-0.237559372,-0.757212406,-1.311322258
266,walking,242.6266632,0.954464083,0.981251309,1.129621369,0.720806323,1.129621369,-0.237559372,-1.153237624,0.093013924,-1.49047264,-1.477788445,-1.620528104,0.111254557,-1.620528104,0.720800547,-1.153237624,0.857591849,-0.109871359,-0.184166991,-0.076511407,-0.285530233,-0.076511407,-0.237559372,-0.361187187,-1.317817324
267,walking,242.8250427,0.954464083,0.981251309,1.088873744,0.866653086,1.088873744,-0.237559372,0.034838032,0.536935204,-1.49047264,-1.477788445,-1.575925216,0.099019896,-1.575925216,-0.716739331,-1.153237624,0.851359013,-0.109871359,-0.184166991,-0.083419324,-0.315401088,-0.083419324,-0.237559372,-0.757212406,-1.409338467
268,walking,243.023407,0.816257694,0.981251309,1.016842506,1.160000099,1.016842506,-0.237559372,-1.153237624,0.550387541,-1.49047264,-1.477788445,-1.593013397,0.051908761,-1.593013397,-0.237559372,-1.153237624,0.909239467,-0.109871359,-0.184166991,-0.078192775,-0.313736125,-0.078192775,-0.237559372,-0.757212406,-1.374348909
269,walking,243.2217712,0.816257694,1.059578183,1.032251689,1.322698067,1.032251689,0.720800547,0.034838032,1.158149332,-1.49047264,-1.477788445,-1.625178855,0.136435602,-1.625178855,0.720800547,-0.361187187,0.950418633,0.104385086,-0.184166991,-0.027929414,-0.721233814,-0.027929414,-0.237559372,0.826888469,-1.263496586
270,walking,243.4201355,0.816257694,1.059578183,0.995595859,1.14469233,0.995595859,-0.716739331,-0.757212406,0.829934236,-1.49047264,-1.477788445,-1.537824079,0.229331919,-1.537824079,-0.716739331,-1.153237624,0.882012139,0.104385086,-0.184166991,-0.035495692,-0.804138512,-0.035495692,-0.237559372,0.43086325,-1.413786017
271,walking,243.6184845,0.816257694,1.059578183,1.068046549,1.241746586,1.068046549,-0.237559372,-0.757212406,0.702374671,-1.49047264,-1.477788445,-1.536321833,0.357759566,-1.536321833,-0.716739331,-0.361187187,1.21940126,0.104385086,-0.184166991,-0.075881279,-0.767210423,-0.075881279,1.679160465,0.034838032,-1.416846432
272,walking,243.8180237,0.816257694,1.059578183,1.153867997,0.927581234,1.153867997,-0.237559372,-1.549262843,0.138130695,-1.49047264,-1.477788445,-1.567629643,0.420343671,-1.567629643,0.720800547,0.034838032,1.088552625,0.104385086,-0.184166991,-0.075684364,-0.738548628,-0.075684364,1.679160465,0.034838032,-1.577861821
